Datum,Jaar,Maand,Dag,Staatshoofd,WindrVec,WindrCat9,WindrCat5,Windsnelh,WindsnelhGem,WindsnelhMax,WindsnelhMaxUur,WindsnelhMin,WindsnelhMinUur,Windstoot,WindstootUur,TempGem,TempMin,TempMinUur,TempMax,TempMaxUur,Zonneschijn,ZonneschijnPerc,Straling,NeerslagDuur,RegenHoeveelh,RegenHoeveelhMax,LuchtdrukGem,LuchtdrukMax,LuchtdrukMin,ZichtMin,ZichtMinCat85,ZichtMinCat5,ZichtMinUur,ZichtMax,ZichtMaxCat85,ZichtMaxCat5,ZichtMaxUur,BewolkingGem,VochtighGem,VochtighMax,VochtighMaxUur,VochtighMin,VochtighMinUur,Verdamping
27-4-1901,1901,4,27,Wilhelmina,,,,,,,,,,,,7.2,2.2,,13,,5.9,40,,,,,,,,,,,,,,,,,78,,,,,
30-4-1901,1901,4,30,Wilhelmina,,,,,,,,,,,,9.9,6,,16.4,,6.1,41,,,,,,,,,,,,,,,,,84,,,,,
31-8-1901,1901,8,31,Wilhelmina,,,,,,,,,,,,15.1,12.8,,18.1,,0,0,,,,,,,,,,,,,,,,,99,,,,,
27-4-1902,1902,4,27,Wilhelmina,,,,,,,,,,,,7.8,1.6,,13,,14.6,100,,,,,1017.3,1021,1014.8,,,,,,,,,,43,,,,,
30-4-1902,1902,4,30,Wilhelmina,,,,,,,,,,,,7.4,3.3,,11.4,,0.05,0,,,,,1013.6,1019.8,1006,,,,,,,,,,77,,,,,
31-8-1902,1902,8,31,Wilhelmina,,,,,,,,,,,,15.4,12.3,,17.4,,0,0,,,,,1012.7,1013.8,1011,,,,,,,,,,90,,,,,
27-4-1903,1903,4,27,Wilhelmina,,,,,,,,,,,,8.4,5.6,,11.7,,0,0,,,,,1001,1002.4,999.8,,,,,,,,,,87,,,,,
30-4-1903,1903,4,30,Wilhelmina,,,,,,,,,,,,11.7,6.6,,16.4,,5.6,38,,,,,1002.9,1003.9,1001.2,,,,,,,,,,80,,,,,
31-8-1903,1903,8,31,Wilhelmina,,,,,,,,,,,,15.3,8.4,,19.8,,8.4,61,,,,,1017.8,1022.7,1014.4,,,,,,,,,,80,,,,,
27-4-1904,1904,4,27,Wilhelmina,263,W,W,4.1,4.6,7.7,16,3.1,1,,,7.5,2.8,,11.7,,3.8,26,,,,,1018.4,1019.8,1017.5,,,,,,,,,,81,,,,,
30-4-1904,1904,4,30,Wilhelmina,233,ZW,W,5.1,5.1,7.2,12,2.6,23,,,11.1,9.5,,13.3,,0,0,,,,,1015.8,1017.5,1014.3,,,,,,,,,,95,,,,,
31-8-1904,1904,8,31,Wilhelmina,190,Z,Z,2.6,3.1,4.1,11,1,1,,,16.2,11.3,,21.7,,0.2,1,,,,,1009.6,1010.8,1008.6,,,,,,,,,,90,,,,,
27-4-1905,1905,4,27,Wilhelmina,187,Z,Z,4.1,4.6,6.2,14,3.6,1,,,7.5,0.7,,11.4,,0,0,,,,,1015.8,1019.4,1010.8,,,,,,,,,,91,,,,,
30-4-1905,1905,4,30,Wilhelmina,198,Z,Z,7.2,7.7,11.3,21,4.1,5,,,11.1,7.8,,14.7,,2.2,15,,,,,1004.4,1005.9,1003,,,,,,,,,,73,,,,,
31-8-1905,1905,8,31,Wilhelmina,324,NW,N,4.6,4.6,7.2,17,3.1,7,,,13.9,10.3,,17.7,,2.6,19,,,,,1019.7,1023.5,1012.6,,,,,,,,,,80,,,,,
27-4-1906,1906,4,27,Wilhelmina,1,N,N,5.1,6.2,8.7,9,2.6,23,,,6.4,-0.6,,10.8,,6.4,44,,,0,0,1005.6,1006.3,1004.3,,,,,,,,,,77,,,,,
30-4-1906,1906,4,30,Wilhelmina,110,O,O,2.1,3.6,6.7,13,1.5,8,,,5.5,-1.3,,12.2,,6.6,45,,,2.9,2.6,1000.1,1000.6,999.8,,,,,,,,,,78,,,,,
31-8-1906,1906,8,31,Wilhelmina,136,ZO,Z,1,1.5,2.1,2,0.5,12,,,18.5,9.6,,27.4,,11.7,85,,,0,0,1022.6,1023.2,1022.2,,,,,,,,,,72,,,,,
27-4-1907,1907,4,27,Wilhelmina,355,N,N,2.1,3.1,4.1,14,1.5,4,,,4.8,1.5,,9.3,,4.6,31,,,1.1,0.6,1008.9,1009.9,1007.9,,,,,,,,,,76,,,,,
30-4-1907,1907,4,30,Wilhelmina,293,NW,W,2.1,2.6,4.1,17,1,21,,,6.8,2.8,,10.8,,1,7,,,1.1,0.4,1004.4,1005.1,1002.4,,,,,,,,,,86,,,,,
31-8-1907,1907,8,31,Wilhelmina,206,ZW,Z,2.6,4.1,6.7,14,2.6,1,,,15.6,8.8,,22.3,,6.1,44,,,0,0,1016.3,1020.6,1013.8,,,,,,,,,,86,,,,,
27-4-1908,1908,4,27,Wilhelmina,266,W,W,3.6,5.7,7.7,1,2.6,21,,,6.3,1.2,,11.5,,8.6,59,,,0,0,1010.8,1012.8,1009.1,,,,,,,,,,76,,,,,
30-4-1908,1908,4,30,Wilhelmina,215,ZW,Z,2.1,2.6,4.1,23,1,6,,,8.6,-1.8,,14.3,,4.8,32,,,3.1,0.8,1026.4,1027.4,1024.6,,,,,,,,,,74,,,,,
31-8-1908,1908,8,31,Wilhelmina,222,ZW,Z,4.1,4.6,7.7,24,2.6,1,,,13.4,9.2,,17.2,,6.1,44,,,1.1,0.7,1013,1015.5,1005.2,,,,,,,,,,77,,,,,
27-4-1909,1909,4,27,Wilhelmina,197,Z,Z,4.6,5.1,7.2,12,3.6,4,,,11.3,9.1,,13.4,,0.4,3,,,4.5,4.5,1008,1010.3,1004.8,,,,,,,,,,83,,,,,
30-4-1909,1909,4,30,Wilhelmina,306,NW,W,5.1,6.7,10.3,10,2.1,1,,,6,1.8,,10.3,,6,41,,,19.1,3.2,1010.4,1016.2,1002.2,,,,,,,,,,72,,,,,
31-8-1909,1909,8,31,Wilhelmina,276,W,W,5.7,6.7,13.4,15,3.6,21,,,11.7,8.4,,15.8,,5.9,43,,,11.8,3.8,1001.4,1007,997,,,,,,,,,,76,,,,,
27-4-1910,1910,4,27,Wilhelmina,282,W,W,3.6,4.6,7.2,11,1.5,21,,,7.4,1.5,,11.9,,11.4,78,,,0.1,0.1,1018.1,1020.3,1012.8,,,,,,,,,,67,,,,,
30-4-1910,1910,4,30,Wilhelmina,328,NW,N,5.1,5.1,8.2,11,2.1,21,,,6.5,1.1,,11.3,,9.2,62,,,0,0,1022.5,1024.4,1018.6,,,,,,,,,,74,,,,,
31-8-1910,1910,8,31,Wilhelmina,253,W,W,3.6,3.6,6.7,15,2.1,20,,,14.5,9.6,,18.5,,6,44,,,1.5,1.4,1022.8,1024.8,1019,,,,,,,,,,81,,,,,
27-4-1911,1911,4,27,Wilhelmina,229,ZW,W,7.2,7.7,9.3,11,5.1,9,,,7.7,5.1,,11,,0,0,,,8.4,2.3,1002,1010.6,994.2,,,,,,,,,,93,,,,,
30-4-1911,1911,4,30,Wilhelmina,282,W,W,4.6,6.2,8.2,17,4.6,6,,,8.2,4.5,,12.6,,4.9,33,,,1.3,0.5,1002.1,1010.2,997.2,,,,,,,,,,85,,,,,
31-8-1911,1911,8,31,Wilhelmina,217,ZW,Z,1,2.6,4.1,10,1,5,,,14.4,5.1,,21.5,,10.2,74,,,0,0,1025.4,1027.2,1023.5,,,,,,,,,,84,,,,,
27-4-1912,1912,4,27,Wilhelmina,42,NO,N,4.1,4.1,7.2,18,3.1,3,,,9.7,2.3,,16.1,,12.7,87,,,0,0,1011,1012.3,1009.9,,,,,,,,,,68,,,,,
30-4-1912,1912,4,30,Wilhelmina,23,NO,N,4.6,4.6,7.2,17,1.5,21,,,8,3.2,,12.2,,8.4,57,,,0,0,1023.3,1024.8,1020.6,,,,,,,,,,67,,,,,
31-8-1912,1912,8,31,Wilhelmina,308,NW,W,3.1,3.6,7.2,12,0,20,,,13,7.6,,17.3,,8.8,64,,,0,0,1017.4,1020.6,1011.2,,,,,,,,,,83,,,,,
27-4-1913,1913,4,27,Wilhelmina,170,Z,Z,5.7,5.7,8.7,15,2.6,20,,,15.6,7.8,,22.9,,11.4,78,,,0,0,1005.4,1007.6,1003.8,,,,,,,,,,65,,,,,
30-4-1913,1913,4,30,Wilhelmina,352,N,N,1,5.1,7.7,24,2.6,12,,,16.6,10.6,,23,,9.9,67,,,0,0,1010.7,1011.9,1009.5,,,,,,,,,,79,,,,,
31-8-1913,1913,8,31,Wilhelmina,136,ZO,Z,3.6,3.6,5.7,9,1,20,,,17.1,13.1,,22.2,,2.7,20,,,0,0,1009.6,1010.7,1008.3,,,,,,,,,,88,,,,,
27-4-1914,1914,4,27,Wilhelmina,10,N,N,2.6,3.1,5.7,16,1,5,,,8.9,-0.3,,15.8,,6.5,44,,,0,0,1032.2,1033.1,1031.1,,,,,,,,,,81,,,,,
30-4-1914,1914,4,30,Wilhelmina,38,NO,N,6.7,7.2,10.3,16,3.1,2,,,9.3,6.6,,13.3,,1.5,10,,,0.4,0.3,1014.3,1016.4,1013.1,,,,,,,,,,81,,,,,
31-8-1914,1914,8,31,Wilhelmina,36,NO,N,3.1,3.6,6.2,15,0.5,1,,,16.7,11.3,,22.1,,1.7,12,,,0,0,1025.8,1028.6,1024.2,,,,,,,,,,89,,,,,
27-4-1915,1915,4,27,Wilhelmina,37,NO,N,5.1,5.7,7.2,1,4.1,19,,,11.8,6.7,,19.1,,7.9,54,,,0,0,1024.1,1025.6,1022.8,,,,,,,,,,76,,,,,
30-4-1915,1915,4,30,Wilhelmina,0,Var,Var,0,2.1,3.6,24,1,8,,,10,4.6,,17.7,,8.7,59,,,0,0,1019,1021.9,1015.6,,,,,,,,,,77,,,,,
31-8-1915,1915,8,31,Wilhelmina,299,NW,W,4.1,4.6,8.2,12,2.1,21,,,12.2,7.2,,17.6,,7.8,57,,,6.3,1.7,1017.5,1019,1015.5,,,,,,,,,,82,,,,,
27-4-1916,1916,4,27,Wilhelmina,121,ZO,O,4.6,5.1,7.7,15,2.6,19,,,16.9,10.2,,23.3,,11,75,,,0,0,1019.9,1020.8,1018.4,,,,,,,,,,56,,,,,
30-4-1916,1916,4,30,Wilhelmina,45,NO,N,4.1,4.6,6.7,11,3.1,5,,,14.9,6.7,,21.6,,13.2,89,,,0,0,1016,1018.3,1013.8,,,,,,,,,,55,,,,,
31-8-1916,1916,8,31,Wilhelmina,283,W,W,4.1,5.1,8.2,1,2.1,19,,,14.6,9.5,,19.4,,10.3,75,,,0,0,1014.9,1018.2,1007.6,,,,,,,,,,70,,,,,
27-4-1917,1917,4,27,Wilhelmina,273,W,W,5.1,5.7,8.2,11,3.1,23,,,6.7,3.5,,9.5,,0,0,,,0.1,0.1,1020.4,1025.4,1018.7,,,,,,,,,,86,,,,,
30-4-1917,1917,4,30,Wilhelmina,306,NW,W,3.1,3.1,6.2,16,1,7,,,9.6,2.5,,16.2,,11.4,77,,,0,0,1017.9,1021.9,1015.2,,,,,,,,,,69,,,,,
31-8-1917,1917,8,31,Wilhelmina,229,ZW,W,3.6,4.6,7.2,7,2.6,21,,,13.6,10.7,,17.7,,2,15,,,10.1,4.3,1009.7,1013,1007.4,,,,,,,,,,94,,,,,
27-4-1918,1918,4,27,Wilhelmina,344,N,N,3.1,4.1,6.2,15,2.1,8,,,9.9,7.9,,13.4,,1.5,10,,,5.5,1.9,1016.4,1017.4,1015.4,,,,,,,,,,90,,,,,
30-4-1918,1918,4,30,Wilhelmina,56,NO,O,7.2,7.2,9.3,11,4.6,24,,,8.5,5.6,,11.7,,3.3,22,,,0,0,1016.5,1022,1012.7,,,,,,,,,,72,,,,,
31-8-1918,1918,8,31,Wilhelmina,246,ZW,W,4.1,4.6,6.7,15,3.6,5,,,13.6,9.3,,17.2,,1.8,13,,,12.6,3.4,1008.4,1013.2,1003.6,,,,,,,,,,79,,,,,
27-4-1919,1919,4,27,Wilhelmina,333,NW,N,3.6,7.2,14.4,3,2.1,17,,,5.2,2,,8.7,,8.3,57,,,3.6,2,1005.8,1008.8,999.9,,,,,,,,,,61,,,,,
30-4-1919,1919,4,30,Wilhelmina,10,N,N,1.5,3.1,5.7,17,1,1,,,5.7,2.3,,9.8,,1.7,11,,,9.1,2.9,1004.4,1007.6,1001.2,,,,,,,,,,77,,,,,
31-8-1919,1919,8,31,Wilhelmina,155,ZO,Z,0.5,3.1,4.6,4,1.5,15,,,11.9,7,,18.9,,3,22,,,1.4,1,1013.3,1017,1012,,,,,,,,,,83,,,,,
27-4-1920,1920,4,27,Wilhelmina,238,ZW,W,5.7,6.2,8.2,15,3.1,20,,,7.5,5.3,,9.8,,0,0,,,9.7,2.1,1003.4,1011.4,997.2,,,,,,,,,,90,,,,,
30-4-1920,1920,4,30,Wilhelmina,238,ZW,W,4.6,5.1,6.7,10,3.1,21,,,7.9,3.7,,12.3,,6.4,43,,,4.5,0.7,1015,1016.7,1013.4,,,,,,,,,,71,,,,,
31-8-1920,1920,8,31,Wilhelmina,342,N,N,5.7,5.7,7.7,14,3.1,23,,,14,11.3,,16.7,,0,0,,,1.1,0.4,1015.7,1017.2,1014.7,,,,,,,,,,96,,,,,
27-4-1921,1921,4,27,Wilhelmina,95,O,O,5.7,5.7,7.7,12,3.6,1,,,15.4,9.5,,20.4,,10.6,72,,,0,0,1021.3,1022.3,1020.2,,,,,,,,,,58,,,,,
30-4-1921,1921,4,30,Wilhelmina,36,NO,N,4.6,5.1,6.7,13,3.6,1,,,13.7,6.8,,20.2,,12,81,,,0,0,1023.7,1025,1022,,,,,,,,,,66,,,,,
31-8-1921,1921,8,31,Wilhelmina,260,W,W,2.1,3.6,5.7,5,1.5,21,,,13.2,4.9,,20.3,,9.2,67,,,0,0,1023.4,1024,1022.7,,,,,,,,,,76,,,,,
27-4-1922,1922,4,27,Wilhelmina,246,ZW,W,4.6,5.1,8.2,14,2.6,4,,,5.8,3.4,,9.9,,4.2,29,,,3.9,1.4,995.5,999,992.7,,,,,,,,,,76,,,,,
30-4-1922,1922,4,30,Wilhelmina,21,N,N,6.7,7.2,10.3,16,4.1,2,,,7.2,3.7,,9.9,,0,0,,,0,0,1007.4,1011.6,1005.5,,,,,,,,,,75,,,,,
31-8-1922,1922,8,31,Wilhelmina,185,Z,Z,3.1,3.6,6.2,1,2.1,17,,,15.1,9.2,,18.7,,4.9,36,,,0.9,0.3,1006.8,1008.2,1005.6,,,,,,,,,,78,,,,,
27-4-1923,1923,4,27,Wilhelmina,278,W,W,4.6,5.7,9.3,10,2.1,21,,,6.8,-0.1,,11.5,,7.4,51,,,0.7,0.6,1009.2,1013,1002.3,,,,,,,,,,74,,,,,
30-4-1923,1923,4,30,Wilhelmina,222,ZW,Z,6.2,6.2,9.8,18,2.6,1,,,10.4,6.7,,12.4,,0,0,,,2,1,1014.4,1017.4,1012,,,,,,,,,,91,,,,,
31-8-1923,1923,8,31,Wilhelmina,218,ZW,Z,3.1,4.1,6.2,1,1.5,19,,,13.2,7,,18.5,,9.6,70,,,0,0,1015,1016.3,1012.7,,,,,,,,,,73,,,,,
27-4-1924,1924,4,27,Wilhelmina,216,ZW,Z,8.2,9.3,13.4,22,7.2,3,,,10.1,8.4,,13.9,,2.8,19,,,2.6,0.9,1002.8,1006.3,999,,,,,,,,,,73,,,,,
30-4-1924,1924,4,30,Wilhelmina,94,O,O,0.5,2.1,2.6,2,0.5,5,,,7.5,2.3,,12,,0.9,6,,,6.4,2.4,999.8,1000.6,999.4,,,,,,,,,,94,,,,,
31-8-1924,1924,8,31,Wilhelmina,241,ZW,W,3.1,3.6,4.6,13,1.5,4,,,15.3,11.8,,18.5,,0.1,1,,,9.2,5.5,1005.5,1005.9,1005,,,,,,,,,,95,,,,,
27-4-1925,1925,4,27,Wilhelmina,16,N,N,1.5,2.6,4.6,13,1,1,,,6.1,-0.1,,11.7,,6.8,46,,,2.8,1.8,1007.8,1009.9,1005.1,,,,,,,,,,87,,,,,
30-4-1925,1925,4,30,Wilhelmina,170,Z,Z,1,3.1,5.7,15,0.5,5,,,7.2,-0.5,,13.8,,7,47,,,2.2,0.8,1010.4,1013.9,1004.4,,,,,,,,,,87,,,,,
31-8-1925,1925,8,31,Wilhelmina,243,ZW,W,4.1,4.1,6.7,24,3.1,5,,,16.3,11.6,,18.6,,0,0,,,0.2,0.2,1022.2,1024.3,1019.6,,,,,,,,,,94,,,,,
27-4-1926,1926,4,27,Wilhelmina,195,Z,Z,2.6,2.6,3.6,11,1.5,2,,,9.2,7,,11.8,,0,0,,,0.3,0.2,1014.2,1015.5,1012.7,,,,,,,,,,88,,,,,
30-4-1926,1926,4,30,Wilhelmina,91,O,O,1.5,3.1,5.1,23,1,14,,,14.8,11.8,,19.2,,0.05,0,,,0.2,0.2,1010.9,1011.5,1009.9,,,,,,,,,,76,,,,,
31-8-1926,1926,8,31,Wilhelmina,140,ZO,Z,1.5,4.1,6.2,5,1.5,16,,,20,14.6,,27,,10.3,75,,,0,0,1016.3,1017.6,1015,,,,,,,,,,77,,,,,
27-4-1927,1927,4,27,Wilhelmina,261,W,W,4.6,5.7,8.7,9,3.1,19,,,6.1,0.5,,10.9,,11.9,81,,,0,0,1017.1,1018.2,1015.2,,,,,,,,,,58,,,,,
30-4-1927,1927,4,30,Wilhelmina,18,N,N,3.6,3.6,5.1,16,1,7,,,6.2,0.9,,11.9,,9.1,61,,,0,0,1019.7,1021.5,1017.8,,,,,,,,,,54,,,,,
31-8-1927,1927,8,31,Wilhelmina,94,O,O,4.1,4.1,5.7,21,3.1,8,,,19.4,14.6,,25.1,,8.8,64,,,0,0,1023.9,1025.6,1022.3,,,,,,,,,,71,,,,,
27-4-1928,1928,4,27,Wilhelmina,107,O,O,5.7,7.2,9.8,13,3.6,23,,,15.1,9,,19.8,,10.3,70,,,0.1,0.1,1007.9,1009.8,1005.5,,,,,,,,,,52,,,,,
30-4-1928,1928,4,30,Wilhelmina,122,ZO,O,5.7,7.2,12.3,12,3.6,4,,,13,10.3,,15,,0.4,3,,,2,0.5,1003.1,1009.1,998.4,,,,,,,,,,86,,,,,
31-8-1928,1928,8,31,Wilhelmina,351,N,N,2.1,3.1,4.6,9,1,22,,,13.3,8.2,,19.5,,5.5,40,,,0.4,0.2,1023.5,1024.7,1020.4,,,,,,,,,,80,,,,,
27-4-1929,1929,4,27,Wilhelmina,254,W,W,3.1,5.7,7.7,15,2.1,22,,,4.8,0.4,,8.5,,0.7,5,,,2.8,1.1,1003.7,1008.4,1001,,,,,,,,,,85,,,,,
30-4-1929,1929,4,30,Wilhelmina,292,W,W,4.6,7.2,9.3,12,4.1,23,,,5.4,3.7,,7.7,,0,0,,,4.3,1.3,998.7,1008.3,993.4,,,,,,,,,,86,,,,,
31-8-1929,1929,8,31,Wilhelmina,130,ZO,O,3.1,3.6,6.7,20,1,1,,,20.8,10.5,,28.4,,11.5,84,,,0,0,1013.3,1015.5,1011.1,,,,,,,,,,64,,,,,
27-4-1930,1930,4,27,Wilhelmina,28,NO,N,2.1,2.6,5.1,18,1,3,,,12.2,4.9,,19.1,,10.6,72,,0,0,0,1018.4,1020.4,1014.6,,,,,,,,,,82,,,,,
30-4-1930,1930,4,30,Wilhelmina,38,NO,N,7.7,7.7,10.8,12,5.1,19,,,9.1,3.3,,13.8,,13.1,88,,0,0,0,1011.1,1016,1005.1,,,,,,,,,,53,,,,,
31-8-1930,1930,8,31,Wilhelmina,321,NW,N,3.1,3.6,5.1,21,2.1,10,,,16.8,14.7,,19.7,,0,0,,1.2,0.7,0.4,1021.4,1023.5,1019.9,,,,,,,,,,93,,,,,
27-4-1931,1931,4,27,Wilhelmina,246,ZW,W,4.6,6.2,8.7,14,3.1,10,,,8,5.8,,12,,1.2,8,,6.2,4.3,0.9,1000.7,1003.9,997.6,,,,,,,,,,85,,,,,
30-4-1931,1931,4,30,Wilhelmina,269,W,W,3.6,4.6,6.7,9,2.6,19,,,8.7,6,,12.6,,2.7,18,,0.1,0.1,0.1,1016.5,1017.5,1015.5,,,,,,,,,,72,,,,,
31-8-1931,1931,8,31,Wilhelmina,39,NO,N,3.6,3.6,5.1,15,3.1,6,,,17.1,12.6,,21.5,,1.9,14,,0,0,0,1013.5,1014.2,1012.7,,,,,,,,,,83,,,,,
27-4-1932,1932,4,27,Wilhelmina,157,ZO,Z,2.1,3.6,6.7,1,1,6,,,8.1,5.1,,13.2,,7.8,53,,1.5,2.7,2,1011.5,1013.4,1009,,,,,,,,,,71,,,,,
30-4-1932,1932,4,30,Wilhelmina,130,ZO,O,2.1,3.6,6.7,1,2.1,9,,,13.4,10.1,,17.7,,5.7,38,,0,0,0,1008.8,1010.2,1006.6,,,,,,,,,,75,,,,,
31-8-1932,1932,8,31,Wilhelmina,244,ZW,W,3.1,3.6,5.7,14,1,19,,,17.1,12.8,,21.7,,5.5,40,,0.7,1.4,0.7,1016.2,1019.1,1012.3,,,,,,,,,,78,,,,,
27-4-1933,1933,4,27,Wilhelmina,175,Z,Z,2.6,3.1,5.1,15,1,20,,,11.7,4.1,,18.7,,6.5,44,,0.3,0.3,0.3,1013,1015,1010.8,,,,,,,,,,77,,,,,
30-4-1933,1933,4,30,Wilhelmina,289,W,W,1,2.6,4.6,16,1.5,3,,,9.6,3.2,,13.5,,3.2,22,,3,7.4,4.5,1008.9,1010.4,1007.2,,,,,,,,,,89,,,,,
31-8-1933,1933,8,31,Wilhelmina,336,NW,N,3.1,3.1,4.1,1,1.5,20,,,15.4,9.4,,21.6,,6.9,50,,0,0.1,0.1,1022.4,1023.6,1020.8,,,,,,,,,,77,,,,,
27-4-1934,1934,4,27,Wilhelmina,178,Z,Z,4.6,5.7,7.7,10,2.1,20,,,9.7,7,,14,,2.4,16,,0.8,1.2,0.7,1007.1,1012.4,1001.5,,,,,,,,,,84,,,,,
30-4-1934,1934,4,30,Wilhelmina,29,NO,N,7.2,7.2,8.2,4,5.7,23,,,11.4,9.6,,15.1,,4.7,32,,0,0,0,1016.8,1018.4,1015.2,,,,,,,,,,86,,,,,
31-8-1934,1934,8,31,Wilhelmina,175,Z,Z,1.5,2.1,3.6,1,1,13,,,10.1,4.5,,16,,1.1,8,,0.3,1.1,0.4,1009.2,1009.9,1008.8,,,,,,,,,,97,,,,,
27-4-1935,1935,4,27,Wilhelmina,351,N,N,6.2,6.7,8.2,11,4.6,6,,,9.4,7.1,,12.8,,7.2,49,,0,0,0,1017.8,1020.4,1015.1,,,,,,,,,,79,,,,,
30-4-1935,1935,4,30,Wilhelmina,332,NW,N,4.1,5.1,7.2,18,3.1,22,,,7.9,3.8,,11.7,,4.3,29,,0,0,0,1020.1,1022.2,1019.1,,,,,,,,,,70,,,,,
31-8-1935,1935,8,31,Wilhelmina,204,ZW,Z,8.2,8.2,9.8,1,4.1,24,,,16.9,12.3,,19.5,,0.1,1,,2.9,5.6,1.5,1011.4,1014.6,1008,,,,,,,,,,91,,,,,
27-4-1936,1936,4,27,Wilhelmina,334,NW,N,3.1,3.6,7.2,16,2.1,4,,,8.9,5.2,,13.5,,0.1,1,,0,0,0,1021.3,1025.4,1017.6,,,,,,,,,,93,,,,,
30-4-1936,1936,4,30,Wilhelmina,353,N,N,4.1,4.6,5.1,4,3.1,2,,,8.6,6,,12.6,,4.8,32,,0,0,0,1024.7,1025.9,1024.2,,,,,,,,,,84,,,,,
31-8-1936,1936,8,31,Wilhelmina,301,NW,W,4.6,4.6,7.2,9,2.6,23,,,16.5,14.2,,20.4,,3.3,24,,0,0,0,1018.2,1019.6,1015.9,,,,,,,,,,75,,,,,
27-4-1937,1937,4,27,Wilhelmina,343,N,N,5.7,5.7,8.2,4,2.6,22,,,7.8,3.7,,11,,0.05,0,,3,1.9,0.9,1015.5,1019.2,1012,,,,,,,,,,83,,,,,
30-4-1937,1937,4,30,Wilhelmina,20,N,N,4.6,4.6,6.7,16,2.1,22,,,8.4,6.3,,11.8,,5.6,38,,0,0,0,1029.2,1030.4,1027.8,,,,,,,,,,82,,,,,
31-8-1937,1937,8,31,Wilhelmina,37,NO,N,3.1,3.6,4.6,15,2.1,7,,,16.3,10.3,,22.4,,9.5,69,,0,0.1,0.1,1019.6,1020.6,1018.4,,,,,,,,,,77,,,,,
27-4-1938,1938,4,27,Wilhelmina,36,NO,N,4.6,5.1,6.7,12,2.6,8,,,9.9,3.2,,15.2,,12.1,83,,0,0,0,1018.2,1019.9,1016.4,,,,,,,,,,56,,,,,
30-4-1938,1938,4,30,Wilhelmina,32,NO,N,5.1,6.2,10.8,11,1,23,,,7.9,1.4,,13.2,,2.2,15,,2.8,4.7,2.5,1010.5,1012.3,1009.2,,,,,,,,,,74,,,,,
31-8-1938,1938,8,31,Wilhelmina,303,NW,W,3.6,3.6,5.7,16,2.6,7,,,12.3,5.3,,16.8,,3.2,23,,0,0,0,1014.4,1017.5,1011.9,,,,,,,,,,82,,,,,
27-4-1939,1939,4,27,Wilhelmina,10,N,N,4.6,4.6,6.7,18,2.6,2,,,6.6,1.6,,11.4,,10.7,73,,0,0,0,1019.7,1022.8,1015.2,,,,,,,,,,60,,,,,
30-4-1939,1939,4,30,Wilhelmina,35,NO,N,2.6,3.6,6.2,13,0.5,21,,,8.2,5.9,,10.6,,0,0,,2.3,4,2.6,1012.4,1015.2,1010.3,,,,,,,,,,96,,,,,
31-8-1939,1939,8,31,Wilhelmina,110,O,O,2.1,2.6,4.6,13,1.5,8,,,18.2,11.4,,23.8,,6.3,46,,2.8,15.6,12.3,1014.6,1015.4,1013.6,,,,,,,,,,76,,,,,
27-4-1940,1940,4,27,Wilhelmina,53,NO,O,1.5,2.6,4.1,15,1,22,,,13.1,10.3,,17.3,,2.1,14,,2.2,1.1,0.3,1011.8,1012.7,1011.2,,,,,,,,,,84,,,,,
30-4-1940,1940,4,30,Wilhelmina,95,O,O,5.1,5.1,6.7,12,4.1,1,,,13.2,7.6,,18.7,,11,74,,0,0,0,1008.2,1011.4,1005.8,,,,,,,,,,70,,,,,
31-8-1940,1940,8,31,Wilhelmina,234,ZW,W,3.6,4.1,5.7,15,2.6,2,,,15.1,6.2,,20.8,,5.8,42,,0,0,0,1028.5,1030.4,1025.8,,,,,,,,,,82,,,,,
27-4-1941,1941,4,27,Wilhelmina,37,NO,N,5.1,5.1,6.7,7,3.1,20,,,5,0.9,,7.9,,0.1,1,,0,0,0,1007.5,1008.2,1006.8,,,,,,,,,,67,,,,,
30-4-1941,1941,4,30,Wilhelmina,85,O,O,3.6,4.6,7.7,17,1,21,,,11.1,3.1,,18.1,,9.4,63,,0,0,0,1012.1,1017,1009.2,,,,,,,,,,66,,,,,
31-8-1941,1941,8,31,Wilhelmina,308,NW,W,4.6,5.1,7.2,11,3.1,7,,,14,8.3,,19.2,,3.9,28,,0,0,0,1022.4,1027,1016.6,,,,,,,,,,81,,,,,
27-4-1942,1942,4,27,Wilhelmina,80,O,O,8.7,8.7,10.3,13,6.2,1,,,11.3,6,,17,,11.5,79,,0,0,0,1017.5,1018.7,1016,,,,,,,,,,36,,,,,
30-4-1942,1942,4,30,Wilhelmina,29,NO,N,4.6,5.1,8.2,15,3.1,21,,,7.9,0.7,,13.4,,11.6,78,,0,0,0,1023.5,1025.8,1020.7,,,,,,,,,,53,,,,,
31-8-1942,1942,8,31,Wilhelmina,184,Z,Z,3.1,4.1,6.2,12,2.1,19,,,19.3,15.2,,24.3,,7.2,52,,0.5,0.8,0.8,1013,1014.8,1010,,,,,,,,,,79,,,,,
27-4-1943,1943,4,27,Wilhelmina,259,W,W,7.2,7.7,10.8,2,4.1,16,,,10.2,7.3,,13.9,,7.2,49,,2,6.8,4.5,1021,1023.5,1016.7,,,,,,,,,,63,,,,,
30-4-1943,1943,4,30,Wilhelmina,139,ZO,Z,5.7,5.7,8.2,9,3.1,1,,,10.4,5.9,,14,,4.7,32,,1.8,0.6,0.3,1016,1018.2,1013.4,,,,,,,,,,67,,,,,
31-8-1943,1943,8,31,Wilhelmina,303,NW,W,4.6,5.1,7.2,11,1,23,,,15.1,9.9,,19.8,,3.3,24,,0.1,0.3,0.3,1016.1,1019.5,1011.4,,,,,,,,,,80,,,,,
27-4-1944,1944,4,27,Wilhelmina,274,W,W,2.6,3.1,6.2,17,1,1,,,8.9,1.7,,15.6,,8.6,59,,0,0,0,1029.8,1034.3,1026.3,,,,,,,,,,76,,,,,
30-4-1944,1944,4,30,Wilhelmina,304,NW,W,4.6,5.1,9.3,12,2.1,7,,,10.3,7.1,,14,,5.8,39,,0,0,0,1022.9,1024.8,1022,,,,,,,,,,79,,,,,
31-8-1944,1944,8,31,Wilhelmina,221,ZW,Z,6.2,6.7,10.3,15,3.6,2,,,15.2,10.9,,19.9,,4.7,34,,1.2,5.1,2.5,1004.8,1007.9,1002.7,,,,,,,,,,69,,,,,
27-4-1945,1945,4,27,Wilhelmina,,,,,,,,,,,,9.4,7.1,,11.4,,,,,,,,1002.8,1005.4,1001.5,,,,,,,,,,95,,,,,
30-4-1945,1945,4,30,Wilhelmina,,,,,,,,,,,,4.6,2.1,,8.9,,,,,,,,1009.7,1013.5,1006.8,,,,,,,,,,86,,,,,
31-8-1945,1945,8,31,Wilhelmina,336,NW,N,2.1,4.1,6.7,15,2.1,4,,,14.3,7.4,,18.3,,3.5,26,,2,14.1,6,1015.4,1020.2,1011.6,,,,,,,,,,78,,,,,
27-4-1946,1946,4,27,Wilhelmina,77,O,O,5.1,5.7,7.2,12,4.6,4,,,17.3,10,,23.5,,9.4,64,,0,0,0,1001.7,1003.4,1001,,,,,,,,,,44,,,,,
30-4-1946,1946,4,30,Wilhelmina,95,O,O,2.1,3.6,5.7,21,2.6,2,,,11.9,3.7,,18.5,,8.3,56,,0,0,0,1011.7,1014.2,1008.6,,,,,,,,,,64,,,,,
31-8-1946,1946,8,31,Wilhelmina,198,Z,Z,5.1,5.1,7.2,14,2.6,19,,,13.3,8,,19.3,,6.4,47,,0,0.1,0.1,1013,1014,1011.5,,,,,,,,,,76,,,,,
27-4-1947,1947,4,27,Wilhelmina,223,ZW,Z,4.6,6.2,8.7,21,3.1,7,,,10.8,0.6,,18.7,,9,62,,0,0,0,1020.4,1027.6,1013.4,,,,,,,,,,57,,,,,
30-4-1947,1947,4,30,Wilhelmina,264,W,W,6.7,7.7,9.8,17,6.2,20,,,7.2,5.3,,9.4,,0,0,,6.3,6.7,1.5,1002.8,1007.6,999.9,,,,,,,,,,85,,,,,
31-8-1947,1947,8,31,Wilhelmina,24,NO,N,3.1,3.6,5.7,14,1,8,,,15.8,7.3,,22.6,,7.4,54,,0,0,0,1020.6,1023.2,1019.2,,,,,,,,,,67,,,,,
27-4-1948,1948,4,27,Wilhelmina,264,W,W,4.1,4.6,7.7,16,2.6,2,,,9.6,-0.3,,16,,10.3,70,,0,0,0,1028,1034.7,1018.8,,,,,,,,,,78,,,,,
30-4-1948,1948,4,30,Wilhelmina,264,W,W,3.1,4.6,6.7,11,2.6,13,,,7.2,3,,9.6,,0.6,4,,4.7,5.5,1.6,996,1001.1,993.8,,,,,,,,,,91,,,,,
31-8-1948,1948,8,31,Wilhelmina,171,Z,Z,3.1,3.6,5.7,11,2.1,1,,,17.2,8.7,,23.8,,12.1,88,,0,0,0,1019.7,1024,1015.1,,,,,,,,,,69,,,,,
27-4-1949,1949,4,27,Juliana,232,ZW,W,2.1,3.1,5.1,24,1,6,,,8.6,-0.3,,14.7,,12.6,86,,0,0,0,1025.7,1027,1024,,,,,,,,,,67,,,,,
30-4-1949,1949,4,30,Juliana,14,N,N,4.6,5.1,7.7,13,2.6,6,,,6.6,1.2,,11,,6.8,46,,0,0.1,0.1,1025.3,1030.5,1020.9,,,,,,,,,,63,,,,,
31-8-1949,1949,8,31,Juliana,152,ZO,Z,2.6,3.1,5.1,12,1.5,9,,,19.7,14.4,,25.6,,7,51,,0,0,0,1017,1020.1,1012.6,,,,,,,,,,71,,,,,
27-4-1950,1950,4,27,Juliana,298,NW,W,6.2,7.2,12.3,14,3.6,6,,,5.3,1.8,,9,,2.6,18,,5,4.2,1.3,1005.7,1013.2,996.5,,,,,,,,,,84,96,5,65,16,
30-4-1950,1950,4,30,Juliana,205,ZW,Z,4.1,4.6,6.7,12,2.1,20,,,12,7.2,,17.2,,7.4,50,,1.2,0.8,0.7,1022.7,1023.8,1021.9,,,,,,,,,,81,97,23,60,14,
31-8-1950,1950,8,31,Juliana,75,O,O,2.6,3.6,5.7,23,2.6,3,,,16,13.2,,19.9,,0.4,3,,3.9,5.2,2,1013.4,1017.9,1010.8,,,,,,,,,,88,98,2,74,14,
27-4-1951,1951,4,27,Juliana,29,NO,N,4.6,5.1,6.7,9,3.6,1,11.3,9,6.9,5.9,24,8.9,9,0.4,3,,2.1,1.3,0.8,1012.1,1012.9,1011.3,,,,,,,,,8/8,78,89,3,64,12,
30-4-1951,1951,4,30,Juliana,90,O,O,2.1,3.1,5.1,18,2.1,3,9.3,15,6.9,-0.3,5,12.3,14,10.5,71,,0,0,0,1019.9,1020.5,1019.3,,,,,,,,,2/8,70,98,5,39,15,
31-8-1951,1951,8,31,Juliana,191,Z,Z,4.6,4.6,6.2,13,2.6,20,7.7,3,14.7,10.5,6,20.1,14,4.1,30,,2.9,4.6,3.1,1010,1010.7,1009.2,,,,,,,,,4/8,88,100,23,62,14,
27-4-1952,1952,4,27,Juliana,352,N,N,2.1,3.1,4.1,1,1.5,6,7.7,13,6.1,0.9,5,9.2,16,0.5,3,,2.3,1.4,0.7,1020.2,1024.1,1016.8,,,,,,,,,6/8,86,97,24,75,8,
30-4-1952,1952,4,30,Juliana,123,ZO,O,3.1,4.6,5.7,12,3.1,8,8.7,12,15.3,5.3,5,23.6,15,13,88,,0,0,0,1009.5,1012.9,1007.2,,,,,,,,,0/8,59,89,10,31,15,
31-8-1952,1952,8,31,Juliana,218,ZW,Z,4.1,4.6,6.7,15,2.6,6,11.3,13,17.3,13.7,1,21.2,13,2.7,20,,0,0,0,1011,1015.9,1006.7,,,,,,,,,6/8,90,99,5,76,15,
27-4-1953,1953,4,27,Juliana,155,ZO,Z,4.6,5.7,8.2,14,2.6,19,13.4,1,11.9,7.2,7,19.3,13,2.8,19,,6.2,6.9,2.9,996.1,1000.7,994,,,,,,,,,7/8,75,98,21,57,2,
30-4-1953,1953,4,30,Juliana,203,ZW,Z,6.7,7.7,11.8,11,2.6,19,17.5,10,10.4,5.2,1,14.5,14,1,7,,0,0,0,1013.1,1014.1,1011.7,,,,,,,,,7/8,74,88,24,47,15,
31-8-1953,1953,8,31,Juliana,252,W,W,5.1,5.7,8.7,9,2.6,21,15.9,10,15.9,12.9,23,19.1,14,8.1,59,,0,0,0,1021.1,1023.6,1015.9,,,,,,,,,5/8,77,94,23,61,15,
27-4-1954,1954,4,27,Juliana,15,N,N,6.2,6.2,8.7,17,4.1,22,14.4,18,6.8,3.4,2,10.3,16,9.9,68,,0,0,0,1020.6,1022.3,1019.7,,,,,,,,,3/8,64,82,4,50,9,
30-4-1954,1954,4,30,Juliana,198,Z,Z,0.5,2.6,4.1,21,0.5,2,6.7,16,8.1,-2.5,5,16,15,11.9,80,,0,0.1,0.1,1008.1,1012.9,1005,,,,,,,,,2/8,68,92,4,40,17,
31-8-1954,1954,8,31,Juliana,236,ZW,W,4.1,4.6,6.7,15,2.6,24,13.4,13,17.6,12.9,24,22.6,16,6,44,,0,0,0,1021.9,1022.7,1021.2,,,,,,,,,5/8,79,91,3,48,16,
27-4-1955,1955,4,27,Juliana,224,ZW,Z,4.1,4.6,7.2,12,2.6,17,10.3,12,10.8,3.4,5,15.6,12,2.2,15,,0,0,0,1014.7,1015.4,1014.2,1,100-200 m,slecht,4,62,12-13 km,redelijk,10,7/8,81,99,7,61,11,
30-4-1955,1955,4,30,Juliana,283,W,W,2.6,3.6,4.6,4,1.5,21,8.2,10,14.9,10.9,4,19.7,13,8.8,59,,1.9,9.6,4.5,1015.9,1017.4,1012.9,30,3000-3100 m,matig,19,65,15-16 km,goed,15,6/8,76,96,23,56,18,
31-8-1955,1955,8,31,Juliana,312,NW,W,2.6,2.6,4.6,15,1,7,7.2,15,17,9.9,6,23.3,14,9.8,71,,0,0,0,1013.7,1015.7,1012.3,5,500-600 m,slecht,23,70,20-21 km,goed,9,1/8,84,100,3,57,13,
27-4-1956,1956,4,27,Juliana,20,N,N,6.7,6.7,9.3,17,5.1,1,14.9,18,8.2,4.6,4,13.2,14,7.6,52,,0,0,0,1006.5,1007.3,1005.5,60,10-11 km,redelijk,1,65,15-16 km,goed,8,4/8,70,80,2,55,14,
30-4-1956,1956,4,30,Juliana,308,NW,W,6.7,6.7,9.3,14,4.1,5,17,14,6.4,3,3,9.9,14,2.5,17,,0.9,0.7,0.7,1016,1017.1,1014.5,40,4000-4100 m,matig,4,63,13-14 km,redelijk,12,7/8,75,86,2,58,10,
31-8-1956,1956,8,31,Juliana,17,N,N,2.1,3.1,4.6,18,1,7,10.8,23,11,3.8,5,16.1,12,10.2,74,,0,0,0,1021.6,1022.3,1021.2,60,10-11 km,redelijk,1,80,30-35 km,uitstekend,10,4/8,67,86,3,45,12,
27-4-1957,1957,4,27,Juliana,14,N,N,4.6,5.1,6.7,15,4.1,2,11.8,15,11.1,5,5,16.7,16,11.4,78,,0,0,0,1015.3,1019.4,1011,40,4000-4100 m,matig,5,60,10-11 km,redelijk,18,1/8,82,99,5,60,14,
30-4-1957,1957,4,30,Juliana,6,N,N,7.2,7.2,9.3,8,2.1,24,17,8,8.8,6.6,24,11.4,14,9.6,65,,0,0,0,1019.7,1023.2,1015.4,60,10-11 km,redelijk,1,80,30-35 km,uitstekend,14,4/8,69,90,2,52,13,
31-8-1957,1957,8,31,Juliana,295,NW,W,2.6,3.6,6.2,9,0.5,20,14.4,11,14.2,11.7,5,17.5,14,3.7,27,937,0.1,0.1,0.1,1018.5,1019.4,1017.6,30,3000-3100 m,matig,5,67,17-18 km,goed,21,7/8,84,97,1,69,14,1.5
27-4-1958,1958,4,27,Juliana,278,W,W,9.3,9.8,13.9,12,6.2,24,26.8,13,6.2,3.1,8,8.5,11,3.1,21,962,4.6,8.9,3.8,1007.8,1014.3,1000.3,20,2000-2100 m,matig,7,80,30-35 km,uitstekend,11,5/8,83,91,1,69,10,1.3
30-4-1958,1958,4,30,Juliana,307,NW,W,1,2.6,3.6,17,1.5,5,6.2,19,13,8,24,19.2,17,6.6,45,1524,0,0,0,1030.9,1032.2,1028.8,50,5-6 km,redelijk,5,65,15-16 km,goed,12,5/8,79,97,24,59,12,2.4
31-8-1958,1958,8,31,Juliana,112,O,O,1.5,3.6,6.7,23,1,6,11.3,23,21.4,18.4,6,26.8,15,4.3,31,960,0,0,0,1011,1012.3,1010.3,1,100-200 m,slecht,9,63,13-14 km,redelijk,15,6/8,85,100,9,57,15,1.8
27-4-1959,1959,4,27,Juliana,194,Z,Z,5.7,6.2,9.3,9,3.1,20,20.1,13,9.2,6.8,5,13,16,3.7,25,1116,3.7,6.7,2.9,1004.4,1006,1003.3,56,6-7 km,redelijk,7,72,22-23 km,goed,15,7/8,84,97,3,63,15,1.6
30-4-1959,1959,4,30,Juliana,2,N,N,7.2,7.7,10.8,18,4.1,2,19.5,17,10.5,8.6,24,12,11,0,0,507,4.9,1.8,0.5,1009.8,1016.3,1003.3,30,3000-3100 m,matig,15,65,15-16 km,goed,24,8/8,90,98,7,72,21,0.8
31-8-1959,1959,8,31,Juliana,20,N,N,3.1,3.1,5.7,16,2.1,3,11.3,16,14.9,10.5,24,19.7,14,10.6,77,1686,0.3,0.5,0.4,1023.8,1025,1022.5,75,25-26 km,goed,1,82,40-45 km,uitstekend,12,3/8,69,93,5,40,14,2.8
27-4-1960,1960,4,27,Juliana,6,N,N,5.7,6.7,9.3,11,3.1,24,17,12,5.9,1.1,3,10,15,4.7,32,1350,1.9,2.1,1.7,1022.6,1025.3,1020.6,60,10-11 km,redelijk,2,75,25-26 km,goed,14,6/8,77,97,2,60,11,1.8
30-4-1960,1960,4,30,Juliana,348,N,N,3.6,3.6,5.1,15,1.5,7,9.3,13,6.3,0.2,5,11.3,14,9.3,63,2074,0,0,0,1019.8,1022.9,1017.3,20,2000-2100 m,matig,5,70,20-21 km,goed,12,4/8,79,98,5,55,13,2.7
31-8-1960,1960,8,31,Juliana,266,W,W,4.1,4.6,6.7,13,2.1,19,12.9,2,14.3,12.5,21,17.6,15,0.8,6,701,1.4,2,0.8,1010.2,1011.1,1008.6,50,5-6 km,redelijk,23,75,25-26 km,goed,6,7/8,87,97,24,73,16,1.1
27-4-1961,1961,4,27,Juliana,239,ZW,W,2.6,3.1,6.2,13,0.5,2,12.9,14,11.2,8.9,22,15,15,3.2,22,992,2.4,4.5,3.1,1008.6,1011,1005.2,30,3000-3100 m,matig,8,65,15-16 km,goed,4,7/8,87,96,4,70,17,1.5
30-4-1961,1961,4,30,Juliana,328,NW,N,2.1,2.1,3.1,6,0.5,22,7.2,7,11.1,5.5,24,14.3,12,0.2,1,915,0,0,0,1012.5,1013.9,1011.3,30,3000-3100 m,matig,24,65,15-16 km,goed,17,6/8,89,99,22,77,16,1.4
31-8-1961,1961,8,31,Juliana,345,N,N,1.5,2.1,3.1,1,1,23,6.2,1,17.3,16.4,5,18.6,13,0,0,292,0,0,0,1025.3,1026.1,1023.9,8,800-900 m,slecht,22,45,4500-4600 m,matig,2,8/8,97,100,8,93,14,0.5
27-4-1962,1962,4,27,Juliana,346,N,N,3.6,3.6,4.1,1,3.1,3,9.3,1,8.2,6,22,11.3,14,0.8,5,959,0,0,0,1024.8,1026.2,1022.4,50,5-6 km,redelijk,21,70,20-21 km,goed,7,8/8,81,93,21,69,12,1.3
30-4-1962,1962,4,30,Juliana,14,N,N,3.6,3.6,5.7,12,0,24,10.8,13,6.3,0.1,24,11,14,12.7,86,2324,0,0,0,1019,1021.3,1016,70,20-21 km,goed,22,80,30-35 km,uitstekend,12,2/8,63,96,24,41,12,3.1
31-8-1962,1962,8,31,Juliana,357,N,N,1.5,1.5,4.1,17,0,1,0,,14.1,8.9,5,18.5,13,11.2,82,1994,0,0,0,1023.7,1025.3,1022.6,15,1500-1600 m,matig,5,82,40-45 km,uitstekend,16,4/8,79,98,2,61,14,3.2
27-4-1963,1963,4,27,Juliana,4,N,N,0.5,1,2.6,13,0,4,6.7,13,10.3,1.5,6,16,14,9,62,2035,0,0,0,1028,1029.4,1025.9,40,4000-4100 m,matig,4,70,20-21 km,goed,12,5/8,66,95,4,42,10,3
30-4-1963,1963,4,30,Juliana,281,W,W,2.6,3.1,4.6,13,0.5,6,10.3,15,9.8,6.9,24,13.8,14,5.4,36,1714,0.4,0.1,0.1,1017.8,1019.2,1015.1,4,400-500 m,slecht,5,75,25-26 km,goed,14,6/8,84,99,4,66,17,2.5
31-8-1963,1963,8,31,Juliana,146,ZO,Z,2.6,2.6,4.1,5,1.5,15,9.8,5,14.1,12.2,6,17.8,13,0.8,6,566,9.8,18.2,5.3,1004,1005.3,1003.4,25,2500-2600 m,matig,24,68,18-19 km,goed,13,8/8,88,97,21,72,12,0.9
27-4-1964,1964,4,27,Juliana,146,ZO,Z,2.6,2.6,4.6,13,1,21,8.2,13,12.2,4.2,2,19,16,11,75,2159,0,0,0,1021.5,1025.8,1016.1,30,3000-3100 m,matig,3,65,15-16 km,goed,24,2/8,64,99,1,35,15,3.3
30-4-1964,1964,4,30,Juliana,254,W,W,4.1,4.1,6.2,13,2.6,5,11.3,17,10.2,6.8,5,14.6,14,6.6,45,1663,0,0,0,1020.8,1021.9,1019.3,62,12-13 km,redelijk,7,70,20-21 km,goed,1,5/8,78,95,4,63,13,2.4
31-8-1964,1964,8,31,Juliana,352,N,N,2.6,2.6,4.6,11,1,22,9.3,12,13.3,8.7,5,17.7,13,9.3,68,1787,0,0,0,1031.2,1032.7,1029.5,60,10-11 km,redelijk,23,85,55-60 km,uitstekend,15,4/8,73,97,6,54,10,2.8
27-4-1965,1965,4,27,Juliana,45,NO,N,1.5,2.6,5.1,14,1,5,9.8,13,6.5,4.2,21,10.8,13,3.6,25,1090,3,1.2,0.4,999.5,1000.4,998.5,25,2500-2600 m,matig,6,70,20-21 km,goed,17,7/8,85,97,6,65,17,1.4
30-4-1965,1965,4,30,Juliana,26,NO,N,3.1,3.1,4.6,11,1,3,10.3,11,9.6,2.9,5,14.3,13,11.5,78,2045,0,0,0,1018.6,1020.1,1016.4,30,3000-3100 m,matig,5,80,30-35 km,uitstekend,11,1/8,76,97,2,53,12,3
31-8-1965,1965,8,31,Juliana,231,ZW,W,2.1,2.6,4.6,11,1.5,17,8.7,12,11.9,8.9,21,14.8,18,1.1,8,615,7.5,13.5,4.3,1009.2,1012.9,1007.5,40,4000-4100 m,matig,16,75,25-26 km,goed,3,6/8,91,97,19,76,2,0.9
27-4-1966,1966,4,27,Juliana,154,ZO,Z,1,2.6,3.1,9,1.5,1,6.7,17,14,8.3,1,19.2,15,0.2,1,936,0.1,0.1,0.1,1017.9,1020.7,1015.7,28,2800-2900 m,matig,7,65,15-16 km,goed,1,7/8,80,89,22,67,14,1.5
30-4-1966,1966,4,30,Juliana,70,O,O,2.6,2.6,4.1,13,1.5,3,8.2,15,14.5,5.8,5,21.3,16,13.2,89,2412,0,0,0,1033.7,1035.9,1031.5,60,10-11 km,redelijk,2,80,30-35 km,uitstekend,8,1/8,55,87,3,29,15,3.9
31-8-1966,1966,8,31,Juliana,209,ZW,Z,3.1,3.6,4.6,10,2.6,1,9.3,9,14.4,12,1,16.8,14,0.1,1,404,2.6,3.7,1.7,1005.3,1008.1,1003.6,56,6-7 km,redelijk,19,68,18-19 km,goed,1,7/8,87,93,10,81,14,0.7
27-4-1967,1967,4,27,Juliana,44,NO,N,3.6,3.6,5.7,15,1.5,2,11.3,14,9.5,2.7,6,15,15,12.1,83,2339,0,0,0,1027,1030.6,1024,65,15-16 km,goed,6,75,25-26 km,goed,1,1/8,56,78,4,32,16,3.4
30-4-1967,1967,4,30,Juliana,240,ZW,W,2.1,2.6,4.6,13,0.5,2,9.3,13,9.4,0.2,5,15.5,14,8.4,57,2249,0.4,0.4,0.4,1014.6,1022.8,1006.3,1,100-200 m,slecht,4,65,15-16 km,goed,13,4/8,71,100,3,40,14,3.2
31-8-1967,1967,8,31,Juliana,229,ZW,W,3.6,3.6,5.7,14,2.1,1,12.9,14,16.1,12.7,6,19.8,14,3.2,23,1048,0,0,0,1014.6,1016.6,1012.6,18,1800-1900 m,matig,7,70,20-21 km,goed,14,7/8,78,95,6,58,15,1.8
27-4-1968,1968,4,27,Juliana,116,ZO,O,2.1,2.6,4.6,23,0.5,1,0,,12.7,1.3,5,19.5,15,12.7,87,2185,0,0,0,1009.7,1016,1004.1,35,3500-3600 m,matig,5,60,10-11 km,redelijk,23,1/8,63,98,5,35,16,3.4
30-4-1968,1968,4,30,Juliana,175,Z,Z,3.1,3.1,4.1,8,1.5,3,0,,9.9,5.4,4,14.6,15,1.6,11,906,1.1,2.1,1.3,1001.1,1001.9,1000.5,57,7-8 km,redelijk,4,70,20-21 km,goed,14,5/8,80,92,3,57,15,1.3
31-8-1968,1968,8,31,Juliana,271,W,W,3.1,3.6,4.1,1,1.5,21,11.8,11,16.1,13.2,23,19.3,13,4.9,36,1219,0,0,0,1005.3,1007.1,1004,56,6-7 km,redelijk,2,70,20-21 km,goed,5,6/8,76,95,23,53,13,2.1
27-4-1969,1969,4,27,Juliana,232,ZW,W,3.6,4.1,6.2,12,0.5,24,9.3,11,10.1,5.2,24,14.5,16,10.2,70,1836,0,0,0,1018.2,1019.3,1015.7,50,5-6 km,redelijk,5,75,25-26 km,goed,11,4/8,76,97,23,54,12,2.7
30-4-1969,1969,4,30,Juliana,29,NO,N,3.1,3.6,5.7,16,0.5,2,9.8,18,7.8,-0.2,3,13.6,14,9.8,66,1931,0,0.1,0.1,1014.7,1015.5,1014.3,1,100-200 m,slecht,4,65,15-16 km,goed,9,3/8,75,100,3,50,12,2.7
31-8-1969,1969,8,31,Juliana,331,NW,N,1,1.5,3.1,17,0.5,1,5.7,14,15.7,12.9,2,19.2,14,0.7,5,959,0,0,0,1024.6,1026.1,1022.4,60,10-11 km,redelijk,6,70,20-21 km,goed,1,7/8,82,93,3,58,12,1.6
27-4-1970,1970,4,27,Juliana,326,NW,N,3.6,4.1,5.7,9,1,24,11.3,12,6.3,2,24,10.1,14,3.5,24,1338,0.5,0.9,0.4,1012.1,1018.4,1006.4,65,15-16 km,goed,1,81,35-40 km,uitstekend,15,5/8,79,97,24,64,9,1.8
30-4-1970,1970,4,30,Juliana,314,NW,W,4.6,4.6,6.7,15,2.1,21,15.4,12,5.4,2.6,21,8.6,13,3.3,22,1353,1.6,2.9,1.2,1019.5,1023.3,1017,65,15-16 km,goed,4,80,30-35 km,uitstekend,5,5/8,78,92,4,65,9,1.7
31-8-1970,1970,8,31,Juliana,227,ZW,W,3.1,3.6,5.7,12,0.5,1,10.8,14,16.8,9.7,3,24,14,6.3,46,1546,0.2,0.2,0.2,1015,1017.3,1013,11,1100-1200 m,matig,4,59,9-10 km,redelijk,21,5/8,78,98,1,48,14,2.7
27-4-1971,1971,4,27,Juliana,349,N,N,2.6,3.1,5.1,1,1.5,18,9.3,14,5.2,1.4,23,9.5,13,6.3,43,1612,1.7,0.9,0.5,1009.3,1013.4,1005.5,62,12-13 km,redelijk,1,70,20-21 km,goed,6,5/8,76,95,23,49,12,2.1
30-4-1971,1971,4,30,Juliana,66,NO,O,3.1,3.1,5.1,16,0,1,10.8,16,6.1,-1.6,4,11.9,16,13,88,2440,0,0,0,1020.1,1022.5,1017.5,70,20-21 km,goed,1,75,25-26 km,goed,12,4/8,60,93,3,33,14,3.2
31-8-1971,1971,8,31,Juliana,260,W,W,2.6,3.1,5.7,11,1,21,10.8,11,15.2,12,3,19.6,13,6.4,47,1409,1.1,2.6,1.2,1013.6,1016.6,1010.6,50,5-6 km,redelijk,2,78,28-29 km,goed,14,5/8,78,96,3,55,13,2.3
27-4-1972,1972,4,27,Juliana,333,NW,N,3.6,4.1,6.7,12,2.1,4,12.3,10,6.1,2.3,24,10.5,13,4.2,29,1298,0.8,0.9,0.5,1016.1,1018.4,1014.4,56,6-7 km,redelijk,8,80,30-35 km,uitstekend,12,5/8,80,92,3,60,12,1.7
30-4-1972,1972,4,30,Juliana,197,Z,Z,3.1,3.6,6.2,1,1,23,11.3,2,9.6,8.1,22,12.5,16,0.2,1,538,2.4,2.4,1.7,999.1,1004.3,992.6,30,3000-3100 m,matig,4,65,15-16 km,goed,1,7/8,90,95,4,81,16,0.8
31-8-1972,1972,8,31,Juliana,55,NO,O,3.6,3.6,5.7,11,1.5,5,9.8,11,15.3,9.8,6,20.6,14,10.7,78,1844,0,0.05,0.05,1024.5,1026.4,1023.6,35,3500-3600 m,matig,5,70,20-21 km,goed,15,1/8,78,95,2,57,12,3.1
27-4-1973,1973,4,27,Juliana,299,NW,W,1,3.1,4.1,10,1.5,1,8.2,13,8.7,2.9,4,14.6,13,12.4,85,2050,0,0,0,1011.3,1014.3,1008.1,20,2000-2100 m,matig,5,65,15-16 km,goed,17,0/8,70,97,24,42,17,2.9
30-4-1973,1973,4,30,Juliana,145,ZO,Z,3.6,4.1,6.7,23,0.5,2,11.3,23,9.2,-1.8,5,15.6,23,0.7,5,706,5.3,5.2,1,1007.7,1013.3,1001.6,15,1500-1600 m,matig,13,68,18-19 km,goed,22,6/8,87,99,3,74,22,1
31-8-1973,1973,8,31,Juliana,260,W,W,2.6,3.1,5.1,11,0.5,4,9.3,11,14.9,8.4,5,18.6,12,5.9,43,1446,0,0.05,0.05,1020.2,1021.3,1018.4,40,4000-4100 m,matig,21,80,30-35 km,uitstekend,15,5/8,77,98,6,57,15,2.4
27-4-1974,1974,4,27,Juliana,75,O,O,4.6,4.6,6.7,9,2.6,4,10.8,9,6.5,-0.2,5,10.5,14,3.1,21,1289,0,0.05,0.05,1010.5,1013.6,1008.4,58,8-9 km,redelijk,13,70,20-21 km,goed,1,5/8,63,80,3,45,9,1.7
30-4-1974,1974,4,30,Juliana,276,W,W,2.6,2.6,4.1,13,1,1,6.7,14,9.1,8.1,24,10.3,13,0,0,276,1.6,0.5,0.2,1001.1,1002.2,1000,0,<100 m,slecht,4,59,9-10 km,redelijk,23,8/8,94,100,1,75,23,0.4
31-8-1974,1974,8,31,Juliana,165,Z,Z,1.5,3.1,4.1,8,2.1,1,0,,16,12.3,24,20.7,11,1.5,11,821,1.7,1.6,0.7,1008.5,1010.3,1006.9,24,2400-2500 m,matig,4,60,10-11 km,redelijk,13,6/8,88,98,2,74,7,1.4
27-4-1975,1975,4,27,Juliana,277,W,W,1,2.1,3.6,12,0.5,2,7.2,12,10,7.7,4,14.3,14,0.3,2,1005,1.6,0.5,0.3,1023.2,1024.8,1021.6,25,2500-2600 m,matig,5,65,15-16 km,goed,1,8/8,86,97,21,70,14,1.5
30-4-1975,1975,4,30,Juliana,246,ZW,W,3.1,3.6,5.7,10,1.5,5,10.8,13,9.2,4.5,24,13.6,15,9.4,63,1937,4.6,3.6,0.9,1018.5,1024.9,1009.5,50,5-6 km,redelijk,4,75,25-26 km,goed,19,4/8,74,96,1,48,16,2.8
31-8-1975,1975,8,31,Juliana,303,NW,W,2.1,2.1,3.6,15,1,6,7.2,15,18.8,14.2,4,25.5,14,7.5,55,1490,0,0.05,0.05,1016.7,1019.6,1012.8,0,<100 m,slecht,5,45,4500-4600 m,matig,16,4/8,84,100,4,53,13,2.7
27-4-1976,1976,4,27,Juliana,3,N,N,4.6,5.1,7.7,17,2.6,2,12.9,17,5.9,1.4,24,10.3,15,3.6,25,1334,0,0.05,0.05,1022.1,1024.6,1021,70,20-21 km,goed,1,80,30-35 km,uitstekend,5,6/8,66,89,4,53,16,1.7
30-4-1976,1976,4,30,Juliana,316,NW,N,1,1.5,3.1,12,0.5,23,8.2,12,6.9,0.3,5,13.2,12,2.6,18,1256,0,0.05,0.05,1026.5,1027.2,1025.8,50,5-6 km,redelijk,4,75,25-26 km,goed,18,4/8,76,100,4,49,16,1.7
31-8-1976,1976,8,31,Juliana,324,NW,N,1,2.1,4.1,17,1,1,7.7,18,15.5,9,5,22.6,14,8.5,62,1586,0,0.05,0.05,1010,1011,1009.2,0,<100 m,slecht,5,65,15-16 km,goed,18,2/8,83,100,1,52,15,2.6
27-4-1977,1977,4,27,Juliana,258,W,W,4.1,4.6,8.2,13,1,23,15.9,12,8.1,2.8,24,12.1,13,10,68,1923,0,0.05,0.05,1014,1016.8,1009.9,50,5-6 km,redelijk,4,75,25-26 km,goed,12,3/8,76,99,3,51,16,2.7
30-4-1977,1977,4,30,Juliana,166,Z,Z,0.5,2.6,5.1,24,0.5,5,8.2,18,10.1,4.9,5,15.2,16,6.6,45,1689,1.1,0.4,0.2,1012.9,1014.7,1011.8,50,5-6 km,redelijk,7,65,15-16 km,goed,15,6/8,74,97,5,49,16,2.5
31-8-1977,1977,8,31,Juliana,189,Z,Z,0.5,1.5,2.6,10,0,24,4.1,5,16.7,13,5,21.7,15,4.4,32,1359,0,0,0,1014,1014.7,1013.3,40,4000-4100 m,matig,24,60,10-11 km,redelijk,10,5/8,83,99,24,64,14,2.3
27-4-1978,1978,4,27,Juliana,121,ZO,O,0.5,3.1,4.1,1,0.5,23,7.7,3,8.5,5.2,23,13.4,12,0.3,2,698,0.6,2.2,1,1003.2,1008.7,999.5,8,800-900 m,slecht,15,58,8-9 km,redelijk,1,8/8,83,96,23,71,12,1
30-4-1978,1978,4,30,Juliana,86,O,O,2.6,2.6,3.6,6,2.1,4,6.2,19,12.2,9.2,4,16.8,16,2.8,19,1058,5.5,5.3,1.3,1002.2,1002.9,1001.6,8,800-900 m,slecht,7,58,8-9 km,redelijk,14,7/8,87,99,6,71,15,1.6
31-8-1978,1978,8,31,Juliana,297,NW,W,2.6,2.6,5.1,12,1,1,11.8,15,12,7.7,1,15.6,12,1.5,11,885,4.3,3.5,1.2,1014.3,1015.5,1012.4,56,6-7 km,redelijk,21,70,20-21 km,goed,14,7/8,87,100,1,70,15,1.4
27-4-1979,1979,4,27,Juliana,337,NW,N,3.1,3.1,6.2,14,1,4,12.3,14,6,2.3,4,10.5,14,4.7,32,1346,0.2,0.3,0.3,1024.1,1025.7,1021.8,56,6-7 km,redelijk,4,65,15-16 km,goed,12,4/8,80,97,4,59,18,1.8
30-4-1979,1979,4,30,Juliana,282,W,W,5.1,5.7,8.2,2,2.1,22,18,5,6.7,3.6,22,9.1,1,8,54,1748,6.1,8.4,3.2,1004.3,1009,996.8,35,3500-3600 m,matig,1,70,20-21 km,goed,7,5/8,69,94,1,49,11,2.3
31-8-1979,1979,8,31,Juliana,213,ZW,Z,0.5,1.5,3.1,13,0.5,1,6.7,13,18.4,11,5,26.1,14,10.7,78,1697,0,0,0,1020,1020.7,1019.5,35,3500-3600 m,matig,23,56,6-7 km,redelijk,3,3/8,77,98,5,50,15,3
27-4-1980,1980,4,27,Juliana,313,NW,W,1.5,2.1,3.6,14,0.5,1,8.2,14,8,1.6,3,14.8,14,8,55,1751,0.5,0.8,0.5,1016.3,1017.2,1015.3,1,100-200 m,slecht,4,57,7-8 km,redelijk,11,4/8,85,100,2,54,13,2.4
30-4-1980,1980,4,30,Juliana,47,NO,O,3.1,3.1,5.1,13,1,5,9.8,20,11.6,5.4,6,17.5,16,8.6,58,1937,0,0,0,1016.5,1017.3,1015.4,11,1100-1200 m,matig,5,56,6-7 km,redelijk,12,3/8,74,99,1,42,14,3
31-8-1980,1980,8,31,Beatrix,327,NW,N,3.1,3.1,6.7,15,1,3,12.9,15,14.3,10.7,24,17.4,15,3.1,23,656,7.1,2.6,0.6,1015.2,1024.7,1003.2,25,2500-2600 m,matig,10,80,30-35 km,uitstekend,14,5/8,88,97,8,67,15,1.1
27-4-1981,1981,4,27,Beatrix,17,N,N,4.6,4.6,8.7,16,0.5,3,14.9,15,7.6,3.5,24,13.2,14,5.8,40,1665,0,0.05,0.05,1010.7,1016.3,1006.2,38,3800-3900 m,matig,5,75,25-26 km,goed,19,5/8,71,97,4,52,16,2.3
30-4-1981,1981,4,30,Beatrix,284,W,W,3.6,3.6,4.6,6,1.5,24,10.3,12,9.5,7.6,24,10.3,3,0,0,268,16.4,7.5,1.3,1008.7,1011.6,1006.3,20,2000-2100 m,matig,2,57,7-8 km,redelijk,16,8/8,94,96,9,88,6,0.4
31-8-1981,1981,8,31,Beatrix,19,N,N,1,1,2.6,17,0,24,5.1,17,14.2,9.1,2,20.2,14,3.8,28,1236,0,0.05,0.05,1018.6,1019.4,1017.8,58,8-9 km,redelijk,4,68,18-19 km,goed,14,4/8,80,97,24,62,15,2
27-4-1982,1982,4,27,Beatrix,358,N,N,3.6,3.6,6.2,13,1.5,24,10.3,13,8.3,5.3,24,10.7,14,0.1,1,609,0.7,0.1,0.1,1029.6,1030.4,1028.1,58,8-9 km,redelijk,3,70,20-21 km,goed,12,8/8,82,96,24,70,13,0.9
30-4-1982,1982,4,30,Beatrix,243,ZW,W,3.6,3.6,6.7,13,1,1,10.8,13,6.4,1.1,2,9.5,24,1.5,10,628,7.9,4.1,1.1,1016.7,1019.6,1012.8,10,1000-1100 m,matig,18,80,30-35 km,uitstekend,1,7/8,80,97,17,58,8,0.8
31-8-1982,1982,8,31,Beatrix,292,W,W,2.1,2.6,4.6,11,1.5,5,9.3,13,14.5,10.3,24,17.7,11,1.5,11,908,0.6,1.7,1.4,1014.8,1020.5,1010.2,15,1500-1600 m,matig,5,75,25-26 km,goed,14,6/8,84,97,5,70,14,1.5
27-4-1983,1983,4,27,Beatrix,254,W,W,3.1,3.6,6.7,12,1.5,23,13.9,12,8.9,5.2,23,10.9,1,0,0,579,8.4,25.7,7.9,1006.3,1010.4,1002.6,7,700-800 m,slecht,5,65,15-16 km,goed,14,7/8,91,99,6,82,15,0.8
30-4-1983,1983,4,30,Beatrix,74,O,O,1,2.1,4.1,19,0.5,1,8.2,24,11.7,3.7,5,18.1,14,10.3,70,2172,0,0.05,0.05,1009.8,1014.5,1002.1,9,900-1000 m,slecht,5,75,25-26 km,goed,1,4/8,72,100,5,46,14,3.3
31-8-1983,1983,8,31,Beatrix,104,O,O,1,1.5,2.6,13,0.5,19,6.2,14,19.7,10.9,6,28.1,15,11.5,84,1696,0,0,0,1013.8,1018.1,1008.3,30,3000-3100 m,matig,5,65,15-16 km,goed,1,0/8,63,97,3,33,15,3.1
27-4-1984,1984,4,27,Beatrix,54,NO,O,3.6,4.1,6.2,18,2.6,1,10.8,19,10.2,4.4,5,16.2,15,13.4,92,2442,0,0,0,1026.2,1027.6,1025,65,15-16 km,goed,3,80,30-35 km,uitstekend,6,1/8,47,84,1,20,11,3.6
30-4-1984,1984,4,30,Beatrix,78,O,O,3.6,4.1,6.7,15,1,4,12.9,14,11.4,3.9,5,17.5,16,10.3,70,1825,0,0.05,0.05,1013.5,1019.4,1008.2,59,9-10 km,redelijk,11,75,25-26 km,goed,1,3/8,57,84,24,39,18,2.8
31-8-1984,1984,8,31,Beatrix,238,ZW,W,4.1,4.6,5.1,9,3.1,5,11.3,11,18.5,15.9,5,21.7,14,0.3,2,577,0.2,0.3,0.2,1015.3,1015.8,1014.7,33,3300-3400 m,matig,15,67,17-18 km,goed,12,6/8,86,96,4,71,14,1
27-4-1985,1985,4,27,Beatrix,282,W,W,4.6,5.7,7.7,2,3.6,17,20.6,24,4.8,1.7,24,7.4,14,1.4,10,770,6.9,5.4,1.2,1003.8,1008.4,1002.4,38,3800-3900 m,matig,5,75,25-26 km,goed,18,7/8,82,97,4,64,13,1
30-4-1985,1985,4,30,Beatrix,218,ZW,Z,1.5,2.1,3.1,15,0.5,1,6.2,19,6.8,1.9,1,10.1,17,0,0,694,0,0.05,0.05,1013.2,1014.1,1011.4,22,2200-2300 m,matig,19,75,25-26 km,goed,1,7/8,87,97,24,77,11,0.9
31-8-1985,1985,8,31,Beatrix,228,ZW,W,2.6,2.6,4.1,15,1,19,7.7,23,17.7,15.6,1,20.7,16,0.7,5,720,3.1,3.6,1.5,1014.8,1017.9,1011.5,23,2300-2400 m,matig,6,70,20-21 km,goed,23,7/8,88,97,21,75,14,1.3
27-4-1986,1986,4,27,Beatrix,172,Z,Z,1.5,2.6,5.1,13,0.5,20,7.7,15,10.7,7.1,23,14.5,12,2.7,18,1074,3.6,10.8,5.2,1007.3,1010.7,1005.7,9,900-1000 m,slecht,5,75,25-26 km,goed,15,6/8,87,100,22,65,12,1.6
30-4-1986,1986,4,30,Beatrix,326,NW,N,1.5,1.5,3.1,14,0.5,21,6.7,14,9.5,4.1,6,15.9,15,8.9,60,2089,0,0,0,1027.9,1029,1024.8,1,100-200 m,slecht,5,70,20-21 km,goed,14,6/8,75,100,3,42,15,3
31-8-1986,1986,8,31,Beatrix,301,NW,W,2.6,2.6,6.2,12,1.5,1,9.8,12,12.3,9.3,22,16.2,15,2.4,17,1059,1,0.1,0.1,1023.5,1024.4,1021.7,58,8-9 km,redelijk,7,80,30-35 km,uitstekend,19,6/8,81,94,1,64,14,1.6
27-4-1987,1987,4,27,Beatrix,77,O,O,2.6,2.6,4.1,12,1,1,9.3,11,13,5.9,3,19.5,15,12.4,85,2321,0,0,0,1027.1,1028.7,1023.7,2,200-300 m,slecht,5,80,30-35 km,uitstekend,14,2/8,56,100,5,29,16,3.7
30-4-1987,1987,4,30,Beatrix,232,ZW,W,2.6,3.1,5.7,13,0.5,1,11.8,12,15.6,11.4,3,21.4,11,5.7,38,1474,0.4,0.2,0.2,1017.1,1017.6,1016.2,50,5-6 km,redelijk,1,75,25-26 km,goed,12,6/8,75,89,2,53,12,2.5
31-8-1987,1987,8,31,Beatrix,67,NO,O,2.1,2.1,3.6,9,0.5,5,7.2,9,14.5,11.1,4,18.3,16,6.3,46,1523,0,0,0,1020.9,1022.9,1017.5,60,10-11 km,redelijk,24,80,30-35 km,uitstekend,16,4/8,76,91,5,61,16,2.5
27-4-1988,1988,4,27,Beatrix,72,O,O,3.6,4.1,5.1,11,2.6,6,10.3,12,9.5,3.7,4,15.3,16,11,75,2266,0,0,0,1019.1,1020.4,1017.7,60,10-11 km,redelijk,20,70,20-21 km,goed,2,3/8,50,71,24,33,13,3.3
30-4-1988,1988,4,30,Beatrix,146,ZO,Z,1.5,2.1,4.1,12,0.5,21,7.2,13,13.5,5.4,5,20.7,13,6.3,43,1861,0,0,0,1009.7,1011.6,1008,36,3600-3700 m,matig,1,60,10-11 km,redelijk,11,5/8,59,89,24,34,13,3
31-8-1988,1988,8,31,Beatrix,190,Z,Z,2.1,2.6,4.1,13,1,3,12.3,17,15.4,11.3,23,21.9,15,4.9,36,1261,0.4,0.9,0.8,1012.3,1014.2,1010.7,56,6-7 km,redelijk,5,80,30-35 km,uitstekend,15,5/8,77,94,24,50,13,2.1
27-4-1989,1989,4,27,Beatrix,109,O,O,1.5,2.6,4.1,21,0.5,1,8.2,11,5.7,-2.2,5,11.3,15,10.8,74,2498,0,0,0,1011.9,1015,1010.7,60,10-11 km,redelijk,6,80,30-35 km,uitstekend,11,2/8,66,100,1,32,16,3.2
30-4-1989,1989,4,30,Beatrix,214,ZW,Z,1,1.5,3.1,11,0,6,7.2,13,8.7,0.1,5,15.7,17,8.5,57,1869,0,0,0,1024.6,1025.1,1024,25,2500-2600 m,matig,5,60,10-11 km,redelijk,18,2/8,69,100,1,36,16,2.6
31-8-1989,1989,8,31,Beatrix,317,NW,N,0.5,1.5,2.6,1,1,5,6.2,16,16.4,14.1,24,20.1,9,0.8,6,466,4.6,4.6,1,1016.4,1018.8,1014,30,3000-3100 m,matig,15,75,25-26 km,goed,23,8/8,90,96,16,77,8,0.8
27-4-1990,1990,4,27,Beatrix,317,NW,N,3.1,3.6,5.7,15,1.5,22,12.3,12,8.7,5.1,22,12.4,10,6.7,46,1477,2.5,2.4,1,1022.1,1028.1,1014.5,20,2000-2100 m,matig,1,82,40-45 km,uitstekend,13,6/8,69,94,1,52,13,2.1
30-4-1990,1990,4,30,Beatrix,37,NO,N,2.1,2.1,4.6,17,0.5,4,9.3,14,15.1,5.8,5,21.7,15,12.7,86,2407,0,0,0,1030.3,1031.9,1029.1,3,300-400 m,slecht,5,82,40-45 km,uitstekend,17,1/8,75,100,3,48,15,4
31-8-1990,1990,8,31,Beatrix,175,Z,Z,1,1.5,2.6,13,0,4,7.2,14,13.8,10.2,1,17.8,12,0,0,460,7.2,6.6,1.7,1016.3,1017.1,1015.8,15,1500-1600 m,matig,18,70,20-21 km,goed,1,7/8,90,97,1,72,9,0.7
27-4-1991,1991,4,27,Beatrix,21,N,N,2.1,2.6,4.1,9,1.5,2,7.2,14,8.1,3,6,13.8,14,10.7,73,2035,0,0,0,1015.3,1016.6,1014.3,12,1200-1300 m,matig,5,59,9-10 km,redelijk,13,2/8,72,95,5,48,16,2.8
30-4-1991,1991,4,30,Beatrix,62,NO,O,4.1,4.6,7.2,20,2.6,1,14.4,14,8.1,5.4,3,11.6,17,0,0,631,0,0.05,0.05,1011.3,1016.5,1008.8,50,5-6 km,redelijk,8,62,12-13 km,redelijk,1,8/8,70,83,24,48,16,0.9
31-8-1991,1991,8,31,Beatrix,78,O,O,2.6,3.1,4.6,15,1,1,10.3,16,19.4,11.3,5,26.6,15,12.5,91,2020,0,0,0,1023.3,1025.2,1020.9,50,5-6 km,redelijk,5,75,25-26 km,goed,14,0/8,59,91,3,35,16,3.6
27-4-1992,1992,4,27,Beatrix,237,ZW,W,6.2,6.2,8.7,13,4.1,24,17.5,13,11.1,8.5,5,14.4,13,7.1,49,1657,0,0,0,1012.5,1013.2,1010.6,62,12-13 km,redelijk,6,81,35-40 km,uitstekend,15,4/8,75,93,3,58,14,2.5
30-4-1992,1992,4,30,Beatrix,196,Z,Z,4.1,4.1,6.2,14,1.5,1,12.3,23,9.7,4.5,4,13.5,13,2.7,18,1340,2.6,1.9,0.9,1018.6,1021.7,1011.6,20,2000-2100 m,matig,5,75,25-26 km,goed,13,7/8,78,97,4,58,13,1.9
31-8-1992,1992,8,31,Beatrix,204,ZW,Z,2.6,3.1,4.6,9,0.5,20,9.8,9,13.5,10.8,6,18.8,13,5.5,40,1390,6,6.5,2,1000.4,1002.7,998.9,40,4000-4100 m,matig,22,80,30-35 km,uitstekend,2,6/8,83,98,20,54,13,2.2
27-4-1993,1993,4,27,Beatrix,39,NO,N,5.7,5.7,8.7,12,2.6,1,14.4,12,16.3,10.5,2,23.6,14,13.7,94,2318,0,0,0,1017.8,1019.2,1016.8,27,2700-2800 m,matig,4,82,40-45 km,uitstekend,16,2/8,62,90,2,31,14,3.9
30-4-1993,1993,4,30,Beatrix,101,O,O,3.1,3.6,6.7,14,2.1,11,10.3,14,20.3,13.9,5,26.9,13,11,74,2144,0,0,0,1010.2,1011.9,1008.3,60,10-11 km,redelijk,4,75,25-26 km,goed,17,1/8,48,69,4,26,15,3.9
31-8-1993,1993,8,31,Beatrix,337,NW,N,3.1,3.1,4.6,10,1.5,21,10.3,15,14.3,11.4,24,18,12,4,29,1105,0,0.05,0.05,1026.1,1028.8,1022.9,70,20-21 km,goed,23,80,30-35 km,uitstekend,5,5/8,79,98,24,61,11,1.8
27-4-1994,1994,4,27,Beatrix,215,ZW,Z,3.1,3.6,5.7,13,2.6,3,9.3,13,13.2,10.2,5,14.8,16,0.1,1,463,1.7,0.8,0.6,1025.4,1028.6,1022.2,13,1300-1400 m,matig,8,60,10-11 km,redelijk,16,8/8,94,99,3,88,15,0.7
30-4-1994,1994,4,30,Beatrix,328,NW,N,2.1,3.6,5.7,17,1.5,6,10.3,18,13,6.6,22,19.1,10,7.1,48,1861,0,0,0,1023.1,1026.2,1021.3,56,6-7 km,redelijk,7,81,35-40 km,uitstekend,15,4/8,79,98,1,60,15,2.9
31-8-1994,1994,8,31,Beatrix,80,O,O,3.1,3.1,5.1,20,0.5,3,8.2,20,17,10.5,5,21.8,14,6,44,1427,2.9,1.5,0.5,1012.5,1015.4,1007.9,40,4000-4100 m,matig,1,70,20-21 km,goed,13,7/8,77,100,1,48,14,2.5
27-4-1995,1995,4,27,Beatrix,356,N,N,4.1,4.1,5.7,15,2.1,24,10.3,3,8.6,6.6,24,10.9,14,0.8,5,682,0,0,0,1008.3,1012.6,1004.6,35,3500-3600 m,matig,5,80,30-35 km,uitstekend,15,8/8,79,95,5,62,15,1
30-4-1995,1995,4,30,Beatrix,356,N,N,2.1,2.1,3.6,14,1.5,10,5.7,13,9.7,5.7,24,14.1,18,2,14,797,1,0.1,0.1,1021.8,1025.7,1017.2,56,6-7 km,redelijk,4,62,12-13 km,redelijk,13,6/8,81,97,24,61,15,1.2
31-8-1995,1995,8,31,Beatrix,358,N,N,3.1,3.1,4.6,11,0.5,2,10.8,12,14.6,11,22,18.7,13,5.9,43,1404,0.7,0.2,0.2,1021.8,1023.1,1020.4,60,10-11 km,redelijk,5,82,40-45 km,uitstekend,12,5/8,77,100,6,50,12,2.3
27-4-1996,1996,4,27,Beatrix,13,N,N,1,1.5,4.1,17,0.5,2,7.7,17,13.2,3.7,5,20.5,13,9.6,66,1795,0,0,0,1016.5,1020.2,1013.4,2,200-300 m,slecht,5,70,20-21 km,goed,14,3/8,75,100,1,47,13,2.8
30-4-1996,1996,4,30,Beatrix,152,ZO,Z,0.5,2.1,3.6,12,0.5,1,7.7,14,8.8,-0.3,5,14.7,15,6.5,44,1792,0,0,0,1004.2,1006.6,1002.5,64,14-15 km,redelijk,22,80,30-35 km,uitstekend,1,5/8,68,100,6,43,14,2.5
31-8-1996,1996,8,31,Beatrix,311,NW,W,2.9,2.9,5,12,1,20,10,10,13.3,8.6,24,17.3,11,6,44,1080,1.3,1,0.5,1024.1,1026.9,1019.8,60,10-11 km,redelijk,2,80,30-35 km,uitstekend,11,5/8,84,99,22,64,11,1.7
27-4-1997,1997,4,27,Beatrix,29,NO,N,0.4,2.3,3,1,1,11,8,24,11.9,9.6,24,15.9,15,2,14,837,2.5,1.6,0.9,1007.7,1011.2,1004.7,11,1100-1200 m,matig,6,57,7-8 km,redelijk,16,7/8,90,99,5,74,15,1.3
30-4-1997,1997,4,30,Beatrix,311,NW,W,2.4,2.6,4,1,0,24,8,1,9.6,4.5,24,14.4,15,3.9,26,1560,0,0.05,0.05,1025.2,1029.7,1018.3,5,500-600 m,slecht,24,62,12-13 km,redelijk,13,5/8,89,99,5,75,14,2.3
31-8-1997,1997,8,31,Beatrix,147,ZO,Z,2.5,3.3,5,14,1,7,8,14,19.5,15.7,5,23.4,17,5.2,38,1455,0,0.05,0.05,1015.4,1017.9,1012.6,67,17-18 km,goed,14,78,28-29 km,goed,22,6/8,80,94,5,68,15,2.6
27-4-1998,1998,4,27,Beatrix,31,NO,N,1.2,1.9,5,13,1,3,7,12,10.1,7.2,3,14.8,13,0.7,5,858,5.1,6.1,1.6,1003.5,1004.8,1002,35,3500-3600 m,matig,5,72,22-23 km,goed,14,8/8,89,100,5,55,13,1.3
30-4-1998,1998,4,30,Beatrix,5,N,N,2.2,2.4,4,24,1,10,8,24,12.2,9.8,2,15.4,16,0.2,1,620,0,0.05,0.05,1009.3,1012.2,1007.6,30,3000-3100 m,matig,6,64,14-15 km,redelijk,17,7/8,89,99,7,77,17,1
31-8-1998,1998,8,31,Beatrix,95,O,O,2.2,2.3,4,17,1,2,6,12,13.2,7.1,5,18.4,16,3.5,26,1088,0,0,0,1018.5,1019.6,1017.4,2,200-300 m,slecht,6,70,20-21 km,goed,22,4/8,88,100,1,64,16,1.7
27-4-1999,1999,4,27,Beatrix,36,NO,N,5.8,5.9,8,11,4,1,13,14,13.5,9.3,5,18.6,15,12.8,87,2147,0,0,0,1022,1024.7,1019.1,50,5-6 km,redelijk,4,75,25-26 km,goed,14,2/8,74,95,4,55,15,3.4
30-4-1999,1999,4,30,Beatrix,19,N,N,2.5,2.6,4,14,1,8,7,13,11.5,3.4,5,19.1,15,13.8,93,2541,0,0,0,1016.3,1017.2,1015.7,56,6-7 km,redelijk,4,80,30-35 km,uitstekend,11,1/8,66,99,5,21,15,3.9
31-8-1999,1999,8,31,Beatrix,265,W,W,1.9,2,4,11,1,1,8,12,16.5,10.6,2,21.3,13,2.5,18,986,0,0.05,0.05,1018.9,1021,1017.8,32,3200-3300 m,matig,8,70,20-21 km,goed,1,7/8,85,98,2,64,11,1.7
27-4-2000,2000,4,27,Beatrix,39,NO,N,2.1,2.8,5,14,1,5,9,19,15.2,10.8,5,19.5,14,2.1,14,1219,0.8,0.4,0.3,1010,1013.5,1005.5,20,2000-2100 m,matig,5,75,25-26 km,goed,9,7/8,81,98,6,63,12,2
30-4-2000,2000,4,30,Beatrix,14,N,N,2,1.9,3,12,1,1,5,12,12.5,10.9,1,14.9,15,0,0,533,0.7,0.2,0.2,1021.8,1022.7,1020.5,22,2200-2300 m,matig,9,64,14-15 km,redelijk,18,8/8,89,94,5,83,13,0.8
31-8-2000,2000,8,31,Beatrix,96,O,O,1.5,1.7,3,9,1,1,5,9,14.4,7.7,6,20.2,15,8.7,63,1631,0,0,0,1012.1,1016,1007.9,30,3000-3100 m,matig,6,80,30-35 km,uitstekend,13,4/8,83,99,2,57,15,2.7
27-4-2001,2001,4,27,Beatrix,210,ZW,Z,3.1,3.2,5,3,2,22,8,1,10.6,8,6,13.9,17,1.5,10,1153,2.1,1.1,0.4,1013,1014.5,1009.8,56,6-7 km,redelijk,5,80,30-35 km,uitstekend,1,7/8,81,96,23,62,13,1.7
30-4-2001,2001,4,30,Beatrix,29,NO,N,0.9,2.9,5,17,1,13,9,19,12.7,8.9,5,17.8,16,4.3,29,1451,2.5,8.5,5.6,1011.1,1014.6,1007.4,35,3500-3600 m,matig,19,80,30-35 km,uitstekend,14,7/8,81,99,6,51,12,2.3
31-8-2001,2001,8,31,Beatrix,228,ZW,W,1.3,1.8,3,7,1,4,6,9,15.9,13.6,24,19.6,12,1.7,12,884,2,8.4,5.1,1009,1012.5,1007.6,25,2500-2600 m,matig,19,75,25-26 km,goed,23,7/8,91,98,21,74,11,1.5
27-4-2002,2002,4,27,Beatrix,257,W,W,4.6,5.1,7,8,2,20,15,8,9.2,7,6,11.8,12,6.3,43,1373,0.2,0.1,0.1,1007.3,1009.1,1003.4,65,15-16 km,goed,21,81,35-40 km,uitstekend,17,6/8,74,88,21,59,15,2
30-4-2002,2002,4,30,Beatrix,199,Z,Z,5.3,5.6,8,14,4,3,16,14,10.8,7.4,4,13.6,20,0.4,3,591,3.9,6.6,2.6,1004.1,1007.6,999,58,8-9 km,redelijk,22,72,22-23 km,goed,13,8/8,81,92,6,71,15,0.9
31-8-2002,2002,8,31,Beatrix,301,NW,W,2,3.1,5,15,1,24,9,7,16.9,11.9,24,20.2,12,1.9,14,976,0.6,0.8,0.7,1021.6,1027.6,1016.4,26,2600-2700 m,matig,7,80,30-35 km,uitstekend,12,7/8,83,95,1,67,17,1.7
27-4-2003,2003,4,27,Beatrix,235,ZW,W,5.6,5.7,9,15,3,21,16,14,12.2,9.3,1,16.5,15,6.7,46,1429,0.9,0.8,0.6,1007.2,1008.1,1005.9,57,7-8 km,redelijk,4,79,29-30 km,goed,17,6/8,82,96,1,61,15,2.2
30-4-2003,2003,4,30,Beatrix,216,ZW,Z,2.3,3.3,6,21,2,1,11,21,11.9,7.7,1,15.2,10,1,7,654,1.4,4.2,3.9,1007.7,1010.9,1004.9,43,4300-4400 m,matig,1,80,30-35 km,uitstekend,16,6/8,87,99,1,78,18,1
31-8-2003,2003,8,31,Beatrix,290,W,W,2.2,2.5,5,14,1,5,10,14,13.1,8.7,23,18.1,11,4.9,36,1150,1.4,1.7,1,1017.9,1019.4,1015.5,62,12-13 km,redelijk,8,82,40-45 km,uitstekend,13,5/8,82,97,4,59,15,1.8
27-4-2004,2004,4,27,Beatrix,93,O,O,3.1,3.4,5,22,2,3,8,22,16.3,8.6,6,21.3,12,6.8,46,1909,0,0,0,1012.2,1015.8,1009.5,56,6-7 km,redelijk,5,80,30-35 km,uitstekend,10,5/8,59,87,5,41,12,3.2
30-4-2004,2004,4,30,Beatrix,71,O,O,2.7,3.9,6,10,2,23,10,11,17.3,11.9,6,24.3,16,9,61,2027,0,0.05,0.05,1000.4,1003.3,998.7,50,5-6 km,redelijk,1,75,25-26 km,goed,22,5/8,69,85,1,52,15,3.5
31-8-2004,2004,8,31,Beatrix,282,W,W,3.1,3.3,5,12,1,22,11,13,14,9.6,21,18.1,12,4.6,34,1237,5.2,8.4,2.6,1015.7,1018.3,1012.2,32,3200-3300 m,matig,19,75,25-26 km,goed,14,6/8,85,98,24,64,14,2
27-4-2005,2005,4,27,Beatrix,248,W,W,3.6,4,6,11,2,1,12,13,11.4,8.1,23,15.5,15,9.3,64,1880,3.5,2.9,1.3,1015.2,1019.5,1010.4,32,3200-3300 m,matig,5,80,30-35 km,uitstekend,12,5/8,77,97,4,54,15,2.9
30-4-2005,2005,4,30,Beatrix,171,Z,Z,1.3,1.6,2,6,1,1,4,7,15.1,10.6,1,19.4,14,1,7,881,0,0,0,1015.8,1019.6,1012.5,3,300-400 m,slecht,22,65,15-16 km,goed,14,6/8,87,98,24,73,14,1.5
31-8-2005,2005,8,31,Beatrix,126,ZO,O,3.1,3.3,5,11,2,1,9,11,22.5,13.7,5,28.9,14,11.7,85,1955,0,0,0,1015.4,1020.9,1011.3,50,5-6 km,redelijk,4,80,30-35 km,uitstekend,17,0/8,69,95,5,52,13,3.7
27-4-2006,2006,4,27,Beatrix,351,N,N,2.8,3,4,11,1,2,8,12,11.3,6.5,2,16.4,13,9.2,63,1979,0,0,0,1022.8,1024.3,1021.2,2,200-300 m,slecht,2,80,30-35 km,uitstekend,10,4/8,76,100,1,57,10,3
30-4-2006,2006,4,30,Beatrix,209,ZW,Z,0.5,1.6,3,11,1,1,7,16,6.6,2.9,22,11.5,15,7.8,53,1606,1.1,1.5,0.8,1011.3,1013.3,1009.9,56,6-7 km,redelijk,24,82,40-45 km,uitstekend,17,6/8,74,94,22,45,17,2.1
31-8-2006,2006,8,31,Beatrix,209,ZW,Z,3.1,3.3,5,12,1,1,9,12,15.1,8.4,1,19.4,15,0.6,4,465,0.4,0.1,0.1,1020.7,1021.9,1018.5,12,1200-1300 m,matig,3,70,20-21 km,goed,23,7/8,94,100,1,87,15,0.8
27-4-2007,2007,4,27,Beatrix,39,NO,N,3.1,3.3,5,16,1,1,11,18,19.1,11.2,3,27.3,15,13.3,91,2269,0,0,0,1020.9,1022.4,1019.9,5,500-600 m,slecht,2,79,29-30 km,goed,17,0/8,61,100,1,25,14,4.1
30-4-2007,2007,4,30,Beatrix,74,O,O,5.4,5.5,8,10,3,22,14,14,14,6.9,5,20.2,15,13.6,92,2575,0,0,0,1017.1,1018.1,1015.5,80,30-35 km,uitstekend,11,84,50-55 km,uitstekend,3,0/8,42,68,24,20,14,4.2
31-8-2007,2007,8,31,Beatrix,264,W,W,2.7,2.8,5,11,1,5,10,12,16.5,14.8,24,18.5,10,1,7,559,1.4,2.4,1.6,1017.7,1019,1017.1,14,1400-1500 m,matig,24,75,25-26 km,goed,9,8/8,87,99,24,72,12,1
27-4-2008,2008,4,27,Beatrix,149,ZO,Z,3.8,3.8,5,11,3,1,9,12,16.9,10.8,5,22.1,16,7.3,50,1736,0,0,0,1016.3,1022.8,1008.5,64,14-15 km,redelijk,4,83,45-50 km,uitstekend,23,7/8,56,78,5,42,14,3
30-4-2008,2008,4,30,Beatrix,168,Z,Z,5.2,5.8,9,14,3,24,14,13,12.5,7.7,24,15.9,10,3.5,24,1206,0,0.05,0.05,998.1,1003.6,995.5,70,20-21 km,goed,1,83,45-50 km,uitstekend,15,6/8,70,87,24,57,10,1.9
31-8-2008,2008,8,31,Beatrix,156,ZO,Z,2.2,2.9,5,13,1,20,7,13,20.7,13.4,5,27.5,15,10.5,77,1861,0,0.05,0.05,1011.8,1014.5,1009.9,56,6-7 km,redelijk,20,78,28-29 km,goed,11,1/8,78,94,20,60,14,3.4
27-4-2009,2009,4,27,Beatrix,187,Z,Z,3.2,4,7,11,1,1,13,11,11.7,8.3,24,16.4,15,6.1,42,1475,4.4,4.4,1.6,1001.2,1002.6,1000.2,34,3400-3500 m,matig,2,83,45-50 km,uitstekend,13,6/8,76,96,3,53,16,2.3
30-4-2009,2009,4,30,Beatrix,54,NO,O,1.2,2.1,5,18,1,1,7,16,12.4,2.8,4,19.4,13,10.2,69,2097,0,0,0,1018.7,1021.8,1016.2,3,300-400 m,slecht,2,80,30-35 km,uitstekend,18,2/8,69,99,3,39,13,3.3
31-8-2009,2009,8,31,Beatrix,170,Z,Z,2.8,3.1,4,10,2,1,7,13,18.8,12,5,25.6,16,6.9,50,1642,0,0,0,1014.1,1017.7,1008,58,8-9 km,redelijk,19,83,45-50 km,uitstekend,18,3/8,68,88,1,43,16,2.9
27-4-2010,2010,4,27,Beatrix,308,NW,W,1.4,1.6,3,12,0,6,7,13,12.4,5,5,18.9,15,9.4,64,1768,0,0,0,1027.5,1028.3,1026.5,1,100-200 m,slecht,3,82,40-45 km,uitstekend,14,4/8,71,99,2,40,16,2.8
30-4-2010,2010,4,30,Beatrix,239,ZW,W,4,4.3,6,7,3,1,12,1,11.7,9.8,24,14.6,15,4.1,28,1001,3.7,6.6,4.1,1008.8,1010.7,1004.6,17,1700-1800 m,matig,8,80,30-35 km,uitstekend,15,4/8,80,95,2,58,16,1.5
31-8-2010,2010,8,31,Beatrix,337,NW,N,2.1,2.2,4,12,1,3,7,12,12.8,6.7,5,18.7,12,9.1,66,1553,0,0,0,1023.8,1024.7,1022.9,3,300-400 m,slecht,4,82,40-45 km,uitstekend,17,3/8,81,99,5,57,11,2.4
27-4-2011,2011,4,27,Beatrix,2,N,N,4.6,4.6,6,7,3,1,10,7,12.4,9.4,2,15.7,13,5.5,38,1581,0,0.05,0.05,1020.1,1021.9,1017.4,59,9-10 km,redelijk,24,65,15-16 km,goed,1,6/8,76,90,24,66,13,2.5
30-4-2011,2011,4,30,Beatrix,69,O,O,6.3,6.3,8,13,5,3,13,14,15.5,9.8,6,21.4,15,12.1,82,2274,0,0,0,1011.2,1012.2,1009.1,69,19-20 km,goed,13,83,45-50 km,uitstekend,24,1/8,46,57,1,36,18,3.8
31-8-2011,2011,8,31,Beatrix,294,NW,W,1.3,1.9,3,10,1,4,6,14,14.1,8.6,1,17.9,12,3.2,23,997,0.1,0.1,0.1,1015.1,1016.3,1014.2,57,7-8 km,redelijk,5,80,30-35 km,uitstekend,14,6/8,84,98,1,65,14,1.6
27-4-2012,2012,4,27,Beatrix,208,ZW,Z,3.6,4.3,8,9,1,19,13,9,12.3,9.8,2,16,13,6.2,42,1419,0,0.05,0.05,1014.1,1017.2,1009.2,65,15-16 km,goed,21,80,30-35 km,uitstekend,11,7/8,76,92,22,57,13,2.2
30-4-2012,2012,4,30,Beatrix,70,O,O,2.8,3.5,7,20,1,1,12,18,15.8,5,5,22.4,14,8.7,59,2097,0,0,0,1015.8,1017.4,1013.6,5,500-600 m,slecht,2,82,40-45 km,uitstekend,17,4/8,66,99,2,38,14,3.5
31-8-2012,2012,8,31,Beatrix,340,N,N,3.8,4.2,7,10,1,21,14,9,13.5,9.1,24,17.1,14,3.4,25,910,5.7,10.2,3.9,1021.9,1026.6,1015.2,50,5-6 km,redelijk,8,81,35-40 km,uitstekend,16,7/8,82,97,2,58,12,1.5
27-4-2013,2013,4,27,Beatrix,359,N,N,3.5,3.5,6,15,1,24,10,14,6.6,1.1,24,11,14,8.9,61,1906,0,0,0,1013.4,1016.8,1010.7,59,9-10 km,redelijk,24,81,35-40 km,uitstekend,13,5/8,70,95,24,45,14,2.5
30-4-2013,2013,4,30,Beatrix,18,N,N,2.9,3.4,6,16,1,1,10,17,8.5,2.4,5,13.2,13,7.1,48,1905,0,0,0,1023.9,1026.3,1021.2,59,9-10 km,redelijk,4,80,30-35 km,uitstekend,15,4/8,70,97,5,39,15,2.7
31-8-2013,2013,8,31,Willem-Alexander,311,NW,W,2.3,3.1,5,12,2,3,9,11,16.7,8.7,24,21.1,12,5.9,43,1411,0,0.05,0.05,1022.1,1026.5,1018.2,59,9-10 km,redelijk,5,79,29-30 km,goed,16,5/8,76,96,5,55,13,2.4
27-4-2014,2014,4,27,Willem-Alexander,108,O,O,1.4,1.9,3,17,0,1,6,18,11.6,8.6,24,15.3,16,1.7,12,942,6.8,3,1,1007.6,1009.5,1006.8,56,6-7 km,redelijk,4,75,25-26 km,goed,14,6/8,89,98,23,70,16,1.4
30-4-2014,2014,4,30,Willem-Alexander,299,NW,W,2,2.2,3,14,1,3,7,15,13.1,10.6,24,17.9,14,1.9,13,1273,0,0,0,1011.8,1012.5,1011,13,1300-1400 m,matig,5,58,8-9 km,redelijk,13,8/8,87,97,4,70,13,2
31-8-2014,2014,8,31,Willem-Alexander,287,W,W,2.1,2.6,5,13,1,4,10,13,15.1,10.4,24,19,14,5.8,42,1372,1.2,1.4,1,1015.4,1019.1,1013.5,17,1700-1800 m,matig,24,80,30-35 km,uitstekend,13,5/8,86,98,4,65,13,2.3
27-4-2015,2015,4,27,Willem-Alexander,12,N,N,3.7,3.8,5,8,1,23,10,8,8,-0.3,24,12.6,15,11.6,79,2146,0,0,0,1009.6,1012.4,1006.5,65,15-16 km,goed,23,83,45-50 km,uitstekend,18,3/8,64,97,24,41,16,3
30-4-2015,2015,4,30,Willem-Alexander,238,ZW,W,3.6,4.1,7,12,2,1,13,12,9.8,5.8,24,14.2,14,9.8,66,1997,0,0,0,1011.3,1012.7,1010.1,61,11-12 km,redelijk,5,83,45-50 km,uitstekend,10,4/8,69,92,2,38,15,2.9
31-8-2015,2015,8,31,Willem-Alexander,199,Z,Z,0.5,2.9,4,9,1,6,8,11,20.9,17.5,24,26.5,13,4.5,33,1240,3.1,7.3,4.6,1010,1014.7,1008,44,4400-4500 m,matig,16,75,25-26 km,goed,10,7/8,88,97,1,73,13,2.3
27-4-2016,2016,4,27,Willem-Alexander,291,W,W,3.4,3.6,6,14,2,20,12,9,6,3.2,24,10.7,14,6.9,47,1601,2.7,2.8,1.5,1006.2,1012.2,1000,61,11-12 km,redelijk,17,82,40-45 km,uitstekend,12,8/8,79,92,2,58,13,2.1
30-4-2016,2016,4,30,Willem-Alexander,334,NW,N,2.2,3,5,16,1,5,8,14,7.7,2.8,24,11.2,11,5.8,39,1663,0,0,0,1020.2,1025.6,1014.7,60,10-11 km,redelijk,5,82,40-45 km,uitstekend,11,7/8,73,97,6,53,10,2.3
31-8-2016,2016,8,31,Willem-Alexander,230,ZW,W,1,1.9,4,15,1,1,8,16,17.4,8.6,4,25.4,15,11.2,82,1981,0,0,0,1020.4,1022.3,1019.2,5,500-600 m,slecht,4,81,35-40 km,uitstekend,17,4/8,76,100,4,44,15,3.4
27-4-2017,2017,4,27,Willem-Alexander,278,W,W,2.4,2.8,5,13,1,1,10,12,6.1,-2,5,10.9,12,10.2,70,1905,0.2,0.2,0.1,1016.1,1017.2,1014.1,5,500-600 m,slecht,3,83,45-50 km,uitstekend,17,6/8,71,99,3,49,13,2.5
30-4-2017,2017,4,30,Willem-Alexander,117,ZO,O,5.8,6.1,9,12,3,1,16,12,12.3,3.3,5,18.4,16,11.3,76,2347,0,0,0,1009,1015.6,1004.2,75,25-26 km,goed,1,83,45-50 km,uitstekend,19,6/8,50,77,1,32,15,3.6
31-8-2017,2017,8,31,Willem-Alexander,291,W,W,1.9,2,4,16,0,20,8,4,14.4,9.5,23,19.7,15,6,44,1336,3.3,2,0.8,1016.7,1020.7,1010.5,29,2900-3000 m,matig,3,82,40-45 km,uitstekend,17,5/8,83,97,3,52,15,2.2
27-4-2018,2018,4,27,Willem-Alexander,113,ZO,O,1.7,2.9,4,17,1,2,8,14,10.3,4,4,15.1,15,3.1,21,1229,0.2,0.1,0.1,1010.4,1014.9,1006.4,65,15-16 km,goed,2,83,45-50 km,uitstekend,17,8/8,68,93,2,46,14,1.8
30-4-2018,2018,4,30,Willem-Alexander,211,ZW,Z,2.5,4.2,7,16,1,7,17,16,9.5,5.8,21,13.2,14,0.9,6,551,13.1,27.2,6.2,997.7,999.3,996.8,40,4000-4100 m,matig,1,80,30-35 km,uitstekend,16,8/8,88,98,3,66,16,0.8
31-8-2018,2018,8,31,Willem-Alexander,14,N,N,0.9,1,2,10,0,3,5,11,12.4,6.9,3,18,16,2.1,15,943,0,0,0,1024,1025.3,1023,6,600-700 m,slecht,1,83,45-50 km,uitstekend,13,6/8,80,98,1,48,16,1.5
27-4-2019,2019,4,27,Willem-Alexander,219,ZW,Z,3.8,4.1,6,10,2,24,17,12,9.8,6.7,24,13.6,12,1.6,11,938,4.8,8.9,4.4,1011,1014.1,1009.1,56,6-7 km,redelijk,6,82,40-45 km,uitstekend,14,8/8,77,92,6,60,11,1.4
30-4-2019,2019,4,30,Willem-Alexander,7,N,N,2.5,2.6,3,1,1,24,7,4,10.6,6.1,24,12.4,14,0,0,482,0,0,0,1023.4,1024.8,1020.9,57,7-8 km,redelijk,24,75,25-26 km,goed,21,8/8,82,94,24,77,14,0.7
31-8-2019,2019,8,31,Willem-Alexander,208,ZW,Z,0.9,2.1,4,13,1,3,8,20,19.6,9.3,5,28.1,14,10,73,1853,0,0.05,0.05,1012.2,1018.6,1007.1,3,300-400 m,slecht,5,82,40-45 km,uitstekend,17,5/8,71,98,1,38,14,3.4
27-4-2020,2020,4,27,Willem-Alexander,265,W,W,1,2.4,4,11,1,1,9,11,12.4,1.4,3,20.7,14,11.5,79,2344,0,0,0,1007.5,1009.8,1006.2,1,100-200 m,slecht,2,82,40-45 km,uitstekend,19,4/8,64,98,1,28,13,3.6
30-4-2020,2020,4,30,Willem-Alexander,199,Z,Z,4.4,4.8,7,8,3,4,14,20,11.5,8.3,20,16.1,17,7.1,48,1607,2.1,7.3,6.7,998.5,1000.3,996.7,67,17-18 km,goed,20,83,45-50 km,uitstekend,18,7/8,70,90,6,40,15,2.4
31-8-2020,2020,8,31,Willem-Alexander,351,N,N,2.1,2.2,4,10,0,24,7,4,14.5,9.2,24,18.3,12,4.6,34,1439,0,0,0,1019.7,1021,1017.2,6,600-700 m,slecht,24,82,40-45 km,uitstekend,12,6/8,76,99,24,53,15,2.4
27-4-2021,2021,4,27,Willem-Alexander,80,O,O,2.7,3.1,5,11,2,1,10,14,9.2,1,5,15.7,15,12.1,83,2384,0,0,0,1010.5,1014.3,1007.9,70,20-21 km,goed,4,83,45-50 km,uitstekend,18,2/8,50,83,4,30,16,3.4
30-4-2021,2021,4,30,Willem-Alexander,316,NW,N,1.6,2,4,16,1,3,7,16,7.8,5.4,22,10.3,14,1.5,10,763,7.7,8.3,4.2,1013.1,1014.5,1011.3,36,3600-3700 m,matig,6,75,25-26 km,goed,15,8/8,88,96,5,75,15,1.1
31-8-2021,2021,8,31,Willem-Alexander,349,N,N,2.9,2.9,5,13,1,3,10,15,16.3,11,4,19.8,13,4.2,31,1240,0,0,0,1026.5,1028.2,1024.2,1,100-200 m,slecht,3,75,25-26 km,goed,10,6/8,83,99,3,69,12,2.1
27-4-2022,2022,4,27,Willem-Alexander,353,N,N,1.7,2,4,14,1,1,7,13,7.5,0.2,5,13.6,14,9.3,64,2029,0,0,0,1026.9,1029.5,1024.1,3,300-400 m,slecht,2,82,40-45 km,uitstekend,19,3/8,74,100,5,51,15,2.8
30-4-2022,2022,4,30,Willem-Alexander,328,NW,N,2,2,4,10,1,1,9,10,7.9,1.3,4,12.5,10,1.9,13,1022,0,0,0,1027.2,1029.5,1025.4,18,1800-1900 m,matig,3,83,45-50 km,uitstekend,15,7/8,78,98,3,55,9,1.4
31-8-2022,2022,8,31,Willem-Alexander,43,NO,N,4.5,4.5,6,12,3,19,10,9,18.4,13.9,6,23.8,15,11.8,86,2017,0,0,0,1022.3,1023.3,1021.3,75,25-26 km,goed,1,83,45-50 km,uitstekend,5,3/8,57,77,24,37,17,3.6
27-4-2023,2023,4,27,Willem-Alexander,117,ZO,O,2.5,2.9,4,8,1,1,8,15,7.9,-1.2,4,13.3,14,11,75,2189,0,0,0,1019.1,1021.5,1014.2,8,800-900 m,slecht,2,83,45-50 km,uitstekend,8,7/8,61,98,2,39,13,3
30-4-2023,2023,4,30,Willem-Alexander,99,O,O,1.7,1.9,3,8,1,1,6,11,11,2.5,5,17.9,16,10.6,72,2147,0,0,0,1021.9,1024.3,1018.4,2,200-300 m,slecht,4,83,45-50 km,uitstekend,14,6/8,73,98,2,45,16,3.2
31-8-2023,2023,8,31,Willem-Alexander,260,W,W,2,2.7,5,11,0,19,11,11,15.2,11.6,1,19.8,15,9.4,69,1851,3.2,9.4,4.3,1010.1,1011.9,1007.5,56,6-7 km,redelijk,5,83,45-50 km,uitstekend,10,6/8,78,97,6,49,13,3.1
27-4-2024,2024,4,27,Willem-Alexander,131,ZO,O,2.3,2.9,4,11,2,1,8,22,11.8,6.1,4,16.4,16,2.2,15,1243,0.5,0.1,0.1,1004.8,1005.6,1003.8,62,12-13 km,redelijk,6,83,45-50 km,uitstekend,16,8/8,80,93,2,61,16,1.9
30-4-2024,2024,4,30,Willem-Alexander,137,ZO,Z,1.8,2.5,4,10,1,1,7,10,16.2,11.2,1,21.9,16,6.5,44,1920,0,0.05,0.05,1014.8,1017.9,1011.4,65,15-16 km,goed,1,83,45-50 km,uitstekend,13,8/8,77,97,5,54,14,3.3
